date;00;01;02;03;04;05;06;07;08;09;10;11;12;13;14;15;16;17;18;19;20;21;22;23
2019-03-12;15.0;19.0;13.0;8.0;18.0;17.0;11.0;13.0;12.0;23.0;22.0;22.0;22.0;10.0;6.0;5.0;5.0;5.0;4.0;3.0;7.0;3.0;10.0;15.0
2019-03-13;10.0;11.0;10.0;12.0;12.0;14.0;7.0;6.0;15.0;13.0;24.0;21.0;19.0;6.0;7.0;4.0;1.0;4.0;6.0;3.0;2.0;6.0;7.0;5.0
2019-03-14;10.0;10.0;5.0;8.0;9.0;8.0;7.0;17.0;11.0;17.0;13.0;18.0;11.0;14.0;8.0;5.0;2.0;3.0;7.0;8.0;3.0;8.0;8.0;8.0
2019-03-15;13.0;18.0;12.0;12.0;6.0;10.0;15.0;13.0;6.0;11.0;16.0;14.0;9.0;4.0;3.0;5.0;5.0;2.0;1.0;2.0;3.0;4.0;3.0;5.0
2019-03-16;11.0;14.0;17.0;8.0;7.0;6.0;13.0;6.0;20.0;14.0;22.0;7.0;16.0;9.0;5.0;;3.0;3.0;3.0;1.0;4.0;9.0;11.0;11.0
2019-03-17;9.0;14.0;16.0;14.0;13.0;15.0;17.0;14.0;20.0;12.0;16.0;23.0;7.0;8.0;5.0;4.0;3.0;4.0;4.0;6.0;6.0;6.0;9.0;15.0
2019-03-18;8.0;6.0;3.0;13.0;6.0;8.0;11.0;8.0;6.0;10.0;15.0;11.0;10.0;12.0;4.0;2.0;8.0;2.0;7.0;1.0;3.0;4.0;5.0;6.0
2019-03-19;5.0;11.0;16.0;4.0;7.0;14.0;10.0;7.0;16.0;8.0;17.0;8.0;7.0;10.0;4.0;7.0;2.0;2.0;6.0;5.0;2.0;7.0;6.0;10.0
2019-03-20;5.0;6.0;4.0;8.0;5.0;8.0;7.0;6.0;3.0;1.0;;;;;;;;;;;;7.0;;
2019-03-21;;;;;;;;;;;;;;;;;;;;;1.0;6.0;3.0;6.0
2019-03-22;2.0;2.0;1.0;2.0;5.0;8.0;7.0;4.0;;6.0;9.0;10.0;9.0;5.0;8.0;8.0;3.0;;2.0;;1.0;5.0;2.0;9.0
2019-03-23;10.0;10.0;8.0;5.0;5.0;4.0;7.0;5.0;11.0;10.0;12.0;8.0;16.0;6.0;6.0;5.0;3.0;3.0;5.0;4.0;1.0;4.0;2.0;9.0
2019-03-24;5.0;6.0;13.0;11.0;6.0;5.0;3.0;12.0;10.0;13.0;11.0;16.0;13.0;7.0;6.0;3.0;4.0;6.0;4.0;2.0;4.0;3.0;3.0;4.0
2019-03-25;6.0;5.0;6.0;5.0;10.0;9.0;6.0;5.0;10.0;8.0;5.0;12.0;8.0;7.0;8.0;12.0;6.0;2.0;2.0;2.0;4.0;5.0;6.0;1.0
2019-03-26;5.0;10.0;7.0;3.0;5.0;9.0;8.0;5.0;10.0;9.0;13.0;10.0;9.0;8.0;7.0;4.0;6.0;6.0;2.0;;1.0;3.0;5.0;6.0
2019-03-27;9.0;3.0;1.0;3.0;5.0;5.0;3.0;7.0;6.0;7.0;8.0;12.0;11.0;4.0;9.0;7.0;5.0;4.0;7.0;3.0;1.0;1.0;5.0;6.0
2019-03-28;5.0;4.0;3.0;5.0;4.0;4.0;11.0;8.0;14.0;8.0;8.0;13.0;6.0;5.0;9.0;3.0;5.0;2.0;1.0;4.0;4.0;3.0;2.0;9.0
2019-03-29;8.0;4.0;3.0;8.0;2.0;6.0;12.0;7.0;11.0;12.0;9.0;4.0;8.0;9.0;7.0;7.0;1.0;2.0;4.0;6.0;2.0;5.0;6.0;6.0
2019-03-30;1.0;3.0;12.0;6.0;5.0;9.0;3.0;8.0;5.0;11.0;13.0;5.0;9.0;2.0;9.0;9.0;13.0;2.0;1.0;6.0;3.0;4.0;8.0;2.0
2019-03-31;4.0;10.0;;11.0;6.0;7.0;3.0;8.0;12.0;11.0;7.0;13.0;3.0;5.0;4.0;2.0;2.0;3.0;2.0;3.0;2.0;6.0;8.0;7.0
2019-04-01;2.0;3.0;8.0;9.0;5.0;2.0;7.0;10.0;5.0;14.0;9.0;13.0;5.0;6.0;4.0;3.0;4.0;2.0;4.0;5.0;5.0;6.0;6.0;10.0
2019-04-02;7.0;10.0;13.0;6.0;12.0;14.0;10.0;14.0;21.0;13.0;22.0;18.0;9.0;23.0;5.0;5.0;14.0;36.0;5.0;4.0;4.0;9.0;20.0;10.0
2019-04-03;13.0;9.0;17.0;18.0;19.0;9.0;9.0;18.0;23.0;20.0;22.0;16.0;20.0;11.0;9.0;5.0;4.0;3.0;1.0;2.0;;6.0;3.0;1.0
2019-04-04;7.0;8.0;4.0;10.0;9.0;7.0;13.0;9.0;9.0;15.0;13.0;11.0;12.0;7.0;4.0;13.0;3.0;5.0;1.0;2.0;1.0;5.0;5.0;11.0
2019-04-05;6.0;6.0;8.0;7.0;2.0;5.0;13.0;8.0;12.0;17.0;15.0;11.0;10.0;13.0;7.0;7.0;7.0;4.0;1.0;1.0;;5.0;4.0;9.0
2019-04-06;10.0;8.0;7.0;14.0;11.0;18.0;9.0;18.0;17.0;19.0;16.0;15.0;16.0;19.0;13.0;7.0;10.0;47.0;5.0;5.0;13.0;5.0;9.0;3.0
2019-04-07;5.0;12.0;17.0;17.0;11.0;14.0;13.0;16.0;20.0;52.0;20.0;14.0;12.0;12.0;12.0;8.0;82.0;8.0;6.0;2.0;2.0;4.0;1.0;4.0
2019-04-08;10.0;17.0;3.0;8.0;14.0;8.0;8.0;12.0;14.0;20.0;17.0;18.0;9.0;7.0;15.0;15.0;8.0;6.0;5.0;5.0;1.0;5.0;4.0;4.0
2019-04-09;11.0;13.0;11.0;7.0;11.0;10.0;21.0;16.0;15.0;13.0;23.0;11.0;7.0;4.0;15.0;13.0;4.0;2.0;2.0;3.0;4.0;5.0;5.0;7.0
2019-04-10;15.0;16.0;15.0;19.0;12.0;14.0;19.0;18.0;22.0;26.0;22.0;18.0;19.0;12.0;6.0;6.0;4.0;3.0;1.0;5.0;10.0;3.0;8.0;13.0
2019-04-11;12.0;13.0;10.0;10.0;8.0;10.0;15.0;24.0;25.0;22.0;23.0;20.0;12.0;22.0;10.0;17.0;10.0;5.0;;3.0;3.0;7.0;13.0;22.0
2019-04-12;18.0;15.0;18.0;15.0;14.0;15.0;14.0;23.0;28.0;32.0;23.0;21.0;14.0;12.0;15.0;4.0;9.0;7.0;3.0;3.0;8.0;6.0;12.0;14.0
2019-04-13;16.0;22.0;10.0;14.0;11.0;21.0;22.0;27.0;23.0;21.0;22.0;38.0;18.0;6.0;10.0;4.0;2.0;7.0;4.0;5.0;7.0;2.0;9.0;11.0
2019-04-14;16.0;18.0;15.0;16.0;24.0;22.0;20.0;20.0;39.0;15.0;29.0;28.0;27.0;13.0;3.0;5.0;4.0;3.0;7.0;9.0;4.0;3.0;19.0;12.0
2019-04-15;18.0;14.0;23.0;14.0;21.0;27.0;23.0;28.0;33.0;28.0;31.0;23.0;27.0;15.0;12.0;38.0;14.0;5.0;6.0;5.0;3.0;7.0;20.0;12.0
2019-04-16;13.0;9.0;14.0;8.0;15.0;18.0;17.0;23.0;18.0;12.0;16.0;17.0;18.0;11.0;12.0;3.0;9.0;2.0;2.0;2.0;2.0;1.0;1.0;5.0
2019-04-17;7.0;15.0;4.0;13.0;12.0;12.0;12.0;18.0;33.0;28.0;24.0;38.0;23.0;14.0;8.0;11.0;5.0;7.0;6.0;1.0;10.0;8.0;14.0;28.0
2019-04-18;29.0;28.0;31.0;30.0;26.0;38.0;38.0;34.0;39.0;38.0;42.0;33.0;25.0;15.0;21.0;11.0;8.0;4.0;4.0;9.0;19.0;61.0;18.0;21.0
2019-04-19;28.0;40.0;31.0;19.0;29.0;37.0;33.0;27.0;36.0;35.0;24.0;17.0;13.0;22.0;23.0;8.0;8.0;2.0;7.0;3.0;10.0;7.0;17.0;19.0
2019-04-20;31.0;32.0;38.0;30.0;32.0;46.0;40.0;53.0;58.0;59.0;56.0;40.0;25.0;29.0;21.0;13.0;13.0;7.0;6.0;8.0;6.0;8.0;13.0;25.0
2019-04-21;46.0;39.0;54.0;41.0;51.0;45.0;54.0;60.0;78.0;49.0;32.0;24.0;22.0;8.0;17.0;13.0;6.0;10.0;8.0;6.0;6.0;7.0;17.0;28.0
2019-04-22;25.0;28.0;27.0;16.0;12.0;11.0;20.0;24.0;43.0;45.0;33.0;36.0;27.0;13.0;8.0;5.0;4.0;4.0;1.0;4.0;8.0;16.0;18.0;32.0
2019-04-23;39.0;29.0;41.0;30.0;22.0;38.0;43.0;53.0;58.0;57.0;50.0;28.0;29.0;20.0;17.0;11.0;7.0;8.0;5.0;6.0;4.0;5.0;16.0;29.0
2019-04-24;38.0;45.0;47.0;39.0;42.0;46.0;59.0;58.0;56.0;64.0;62.0;41.0;34.0;23.0;17.0;16.0;7.0;5.0;5.0;8.0;6.0;13.0;23.0;30.0
2019-04-25;34.0;39.0;39.0;38.0;43.0;41.0;66.0;53.0;74.0;60.0;47.0;40.0;27.0;21.0;15.0;6.0;5.0;8.0;7.0;11.0;8.0;13.0;3.0;27.0
2019-04-26;30.0;35.0;41.0;36.0;57.0;48.0;41.0;58.0;62.0;59.0;51.0;44.0;24.0;22.0;33.0;16.0;17.0;9.0;12.0;7.0;13.0;17.0;33.0;43.0
2019-04-27;28.0;39.0;39.0;42.0;41.0;59.0;53.0;58.0;61.0;43.0;51.0;21.0;15.0;11.0;9.0;7.0;7.0;5.0;3.0;3.0;10.0;12.0;13.0;16.0
2019-04-28;15.0;28.0;23.0;33.0;23.0;45.0;42.0;37.0;38.0;30.0;37.0;38.0;17.0;15.0;21.0;13.0;11.0;9.0;15.0;5.0;3.0;10.0;9.0;14.0
2019-04-29;12.0;11.0;16.0;16.0;28.0;24.0;31.0;39.0;27.0;34.0;26.0;28.0;12.0;9.0;12.0;10.0;5.0;9.0;3.0;5.0;8.0;6.0;7.0;7.0
2019-04-30;11.0;20.0;23.0;21.0;13.0;26.0;33.0;29.0;41.0;22.0;43.0;26.0;22.0;23.0;20.0;17.0;5.0;11.0;8.0;5.0;5.0;7.0;12.0;18.0
2019-05-01;9.0;20.0;20.0;22.0;16.0;26.0;36.0;40.0;35.0;45.0;29.0;28.0;16.0;25.0;17.0;7.0;8.0;9.0;8.0;5.0;8.0;9.0;7.0;11.0
2019-05-02;13.0;18.0;14.0;28.0;25.0;26.0;19.0;31.0;38.0;30.0;21.0;21.0;8.0;8.0;14.0;11.0;10.0;5.0;9.0;9.0;8.0;5.0;6.0;8.0
2019-05-03;18.0;22.0;18.0;20.0;23.0;26.0;44.0;47.0;35.0;43.0;31.0;12.0;15.0;9.0;14.0;11.0;4.0;7.0;3.0;2.0;6.0;8.0;11.0;10.0
2019-05-04;14.0;18.0;12.0;8.0;23.0;29.0;31.0;44.0;38.0;48.0;33.0;33.0;17.0;14.0;14.0;10.0;11.0;5.0;7.0;2.0;5.0;5.0;4.0;15.0
2019-05-05;19.0;24.0;23.0;23.0;20.0;21.0;39.0;45.0;55.0;43.0;38.0;20.0;10.0;16.0;12.0;16.0;8.0;5.0;3.0;7.0;1.0;10.0;11.0;14.0
2019-05-06;18.0;10.0;15.0;25.0;25.0;33.0;37.0;35.0;44.0;42.0;45.0;23.0;16.0;17.0;10.0;11.0;4.0;4.0;5.0;7.0;5.0;3.0;7.0;10.0
2019-05-07;20.0;18.0;14.0;22.0;25.0;28.0;40.0;64.0;55.0;30.0;34.0;17.0;15.0;25.0;9.0;13.0;5.0;1.0;9.0;5.0;4.0;12.0;16.0;14.0
2019-05-24;31.0;28.0;30.0;33.0;32.0;33.0;41.0;49.0;58.0;37.0;36.0;24.0;23.0;14.0;23.0;17.0;10.0;6.0;5.0;12.0;7.0;10.0;11.0;21.0
2019-05-25;21.0;28.0;25.0;30.0;23.0;40.0;43.0;33.0;41.0;42.0;34.0;29.0;25.0;15.0;14.0;18.0;9.0;14.0;11.0;4.0;15.0;12.0;20.0;22.0
2019-05-26;24.0;33.0;29.0;32.0;23.0;28.0;38.0;32.0;51.0;38.0;27.0;27.0;20.0;14.0;18.0;12.0;11.0;14.0;5.0;8.0;8.0;12.0;10.0;14.0
2019-05-27;13.0;21.0;26.0;30.0;35.0;30.0;45.0;50.0;44.0;55.0;33.0;34.0;21.0;18.0;24.0;17.0;11.0;15.0;7.0;7.0;4.0;12.0;16.0;16.0
2019-05-28;24.0;31.0;25.0;31.0;20.0;39.0;36.0;52.0;42.0;52.0;35.0;32.0;21.0;18.0;17.0;15.0;12.0;12.0;7.0;4.0;6.0;13.0;14.0;23.0
2019-05-29;18.0;22.0;29.0;20.0;37.0;38.0;44.0;43.0;46.0;53.0;31.0;29.0;16.0;30.0;20.0;15.0;11.0;9.0;7.0;5.0;8.0;8.0;21.0;15.0
2019-05-30;16.0;19.0;23.0;33.0;28.0;49.0;40.0;54.0;39.0;35.0;35.0;24.0;13.0;20.0;21.0;21.0;8.0;2.0;3.0;1.0;10.0;6.0;17.0;17.0
2019-05-31;31.0;29.0;20.0;19.0;27.0;35.0;50.0;42.0;61.0;41.0;40.0;20.0;8.0;14.0;21.0;17.0;8.0;11.0;8.0;7.0;8.0;8.0;16.0;30.0
2019-06-01;16.0;36.0;24.0;40.0;33.0;43.0;51.0;45.0;39.0;53.0;32.0;15.0;2.0;15.0;36.0;16.0;12.0;17.0;13.0;3.0;2.0;4.0;14.0;13.0
2019-06-02;23.0;25.0;30.0;29.0;37.0;48.0;60.0;77.0;63.0;69.0;22.0;12.0;28.0;26.0;34.0;17.0;13.0;8.0;8.0;2.0;5.0;3.0;18.0;21.0
2019-06-03;21.0;35.0;29.0;22.0;37.0;41.0;66.0;81.0;71.0;63.0;25.0;5.0;19.0;24.0;25.0;25.0;13.0;16.0;4.0;8.0;7.0;5.0;13.0;16.0
2019-06-04;23.0;31.0;26.0;43.0;55.0;65.0;61.0;72.0;69.0;50.0;48.0;31.0;34.0;29.0;30.0;17.0;16.0;6.0;7.0;11.0;5.0;10.0;16.0;17.0
2019-06-05;26.0;32.0;34.0;31.0;40.0;53.0;68.0;70.0;72.0;51.0;32.0;28.0;43.0;40.0;31.0;23.0;12.0;8.0;8.0;2.0;2.0;9.0;9.0;22.0
2019-06-06;20.0;18.0;36.0;27.0;48.0;58.0;71.0;83.0;68.0;52.0;42.0;30.0;31.0;42.0;31.0;15.0;13.0;9.0;8.0;10.0;4.0;7.0;11.0;9.0
2019-06-07;18.0;34.0;28.0;42.0;58.0;64.0;107.0;113.0;126.0;112.0;87.0;67.0;41.0;;;;;;;;;;;
2019-06-14;;;;;;;;;;;;2.0;;;;;;;;;;;;
2019-06-17;;;;;;;;;14.0;66.0;28.0;10.0;3.0;16.0;16.0;20.0;10.0;6.0;8.0;3.0;2.0;8.0;13.0;31.0
2019-06-18;20.0;47.0;43.0;45.0;45.0;56.0;61.0;46.0;;;;13.0;11.0;13.0;4.0;9.0;12.0;6.0;3.0;3.0;9.0;11.0;17.0;16.0
2019-06-19;20.0;25.0;28.0;28.0;37.0;39.0;63.0;49.0;54.0;39.0;36.0;25.0;27.0;34.0;27.0;27.0;13.0;7.0;8.0;4.0;4.0;10.0;16.0;18.0
2019-06-20;24.0;20.0;28.0;29.0;32.0;44.0;55.0;60.0;42.0;42.0;29.0;21.0;29.0;15.0;14.0;10.0;2.0;2.0;6.0;6.0;6.0;4.0;22.0;31.0
2019-06-21;18.0;26.0;34.0;43.0;50.0;57.0;46.0;57.0;54.0;37.0;41.0;11.0;13.0;5.0;8.0;10.0;14.0;13.0;5.0;1.0;6.0;14.0;9.0;20.0
2019-06-22;17.0;21.0;27.0;39.0;65.0;41.0;33.0;70.0;53.0;60.0;49.0;25.0;8.0;5.0;22.0;20.0;16.0;2.0;4.0;10.0;1.0;5.0;23.0;25.0
2019-06-23;27.0;31.0;33.0;31.0;38.0;37.0;57.0;56.0;72.0;48.0;24.0;4.0;12.0;21.0;22.0;17.0;6.0;9.0;4.0;9.0;4.0;4.0;9.0;19.0
2019-06-24;24.0;35.0;31.0;52.0;32.0;43.0;35.0;57.0;64.0;67.0;32.0;16.0;15.0;20.0;26.0;18.0;17.0;14.0;8.0;4.0;5.0;12.0;18.0;33.0
2019-06-25;31.0;31.0;36.0;38.0;38.0;47.0;45.0;63.0;58.0;46.0;32.0;14.0;20.0;28.0;38.0;32.0;23.0;19.0;11.0;12.0;6.0;18.0;19.0;18.0
2019-06-26;7.0;26.0;34.0;41.0;59.0;53.0;59.0;55.0;32.0;39.0;46.0;22.0;21.0;32.0;25.0;34.0;25.0;19.0;10.0;15.0;11.0;19.0;18.0;20.0
2019-06-27;17.0;14.0;24.0;28.0;38.0;50.0;41.0;62.0;62.0;37.0;27.0;38.0;31.0;40.0;44.0;30.0;22.0;17.0;15.0;13.0;9.0;10.0;21.0;31.0
2019-06-28;24.0;16.0;15.0;16.0;41.0;33.0;37.0;38.0;30.0;31.0;30.0;30.0;32.0;23.0;27.0;19.0;13.0;11.0;21.0;4.0;4.0;8.0;22.0;11.0
2019-06-29;19.0;29.0;12.0;29.0;28.0;51.0;47.0;57.0;45.0;48.0;25.0;35.0;22.0;43.0;36.0;26.0;23.0;14.0;9.0;6.0;10.0;9.0;11.0;24.0
2019-06-30;21.0;29.0;33.0;42.0;28.0;39.0;36.0;39.0;51.0;51.0;33.0;26.0;30.0;24.0;29.0;28.0;26.0;19.0;11.0;7.0;7.0;9.0;21.0;24.0
2019-07-01;29.0;34.0;30.0;27.0;29.0;35.0;48.0;52.0;39.0;35.0;41.0;33.0;21.0;25.0;21.0;24.0;12.0;12.0;9.0;5.0;11.0;14.0;11.0;24.0
2019-07-02;28.0;28.0;38.0;30.0;41.0;40.0;50.0;53.0;41.0;32.0;31.0;32.0;19.0;20.0;23.0;19.0;35.0;7.0;9.0;7.0;8.0;11.0;20.0;29.0
2019-07-03;21.0;31.0;52.0;57.0;58.0;54.0;43.0;57.0;72.0;41.0;25.0;30.0;18.0;23.0;23.0;15.0;12.0;10.0;6.0;1.0;6.0;13.0;13.0;26.0
2019-07-04;10.0;24.0;38.0;31.0;32.0;40.0;32.0;38.0;35.0;40.0;22.0;20.0;17.0;26.0;12.0;16.0;11.0;4.0;6.0;11.0;6.0;10.0;17.0;13.0
2019-07-05;28.0;35.0;35.0;35.0;34.0;48.0;39.0;44.0;37.0;35.0;15.0;14.0;15.0;15.0;14.0;16.0;12.0;15.0;6.0;8.0;3.0;13.0;11.0;15.0
2019-07-06;28.0;29.0;35.0;34.0;37.0;47.0;27.0;50.0;37.0;29.0;26.0;17.0;19.0;15.0;27.0;11.0;6.0;9.0;8.0;6.0;10.0;19.0;11.0;19.0
2019-07-07;28.0;43.0;38.0;45.0;33.0;34.0;36.0;40.0;43.0;23.0;20.0;22.0;9.0;18.0;14.0;8.0;14.0;9.0;7.0;10.0;7.0;12.0;11.0;24.0
2019-07-08;31.0;47.0;48.0;32.0;34.0;30.0;30.0;31.0;41.0;27.0;22.0;8.0;6.0;12.0;13.0;11.0;12.0;13.0;3.0;6.0;17.0;8.0;19.0;13.0
2019-07-09;19.0;23.0;20.0;30.0;26.0;25.0;29.0;34.0;49.0;32.0;33.0;19.0;19.0;9.0;8.0;9.0;11.0;7.0;8.0;7.0;5.0;12.0;16.0;31.0
2019-07-10;21.0;27.0;28.0;30.0;27.0;20.0;22.0;35.0;37.0;34.0;27.0;21.0;11.0;9.0;19.0;16.0;8.0;12.0;8.0;6.0;8.0;14.0;14.0;19.0
2019-07-11;34.0;27.0;28.0;29.0;19.0;29.0;24.0;41.0;28.0;14.0;22.0;14.0;18.0;12.0;13.0;13.0;14.0;14.0;10.0;7.0;14.0;14.0;23.0;24.0
2019-07-12;29.0;31.0;11.0;25.0;39.0;34.0;27.0;26.0;16.0;32.0;24.0;15.0;22.0;24.0;23.0;16.0;16.0;6.0;11.0;11.0;13.0;12.0;23.0;21.0
2019-07-13;25.0;36.0;38.0;19.0;19.0;16.0;21.0;20.0;35.0;27.0;22.0;11.0;8.0;21.0;25.0;23.0;21.0;19.0;12.0;10.0;16.0;9.0;14.0;25.0
2019-07-14;39.0;52.0;47.0;54.0;36.0;43.0;45.0;44.0;54.0;53.0;15.0;16.0;18.0;21.0;21.0;20.0;12.0;15.0;7.0;8.0;15.0;11.0;7.0;24.0
2019-07-15;24.0;25.0;35.0;20.0;40.0;25.0;30.0;33.0;36.0;30.0;13.0;14.0;17.0;11.0;18.0;17.0;21.0;6.0;8.0;6.0;10.0;10.0;24.0;13.0
2019-07-16;18.0;26.0;33.0;22.0;35.0;36.0;29.0;23.0;30.0;17.0;12.0;22.0;14.0;19.0;20.0;16.0;14.0;10.0;8.0;15.0;6.0;11.0;17.0;20.0
2019-07-17;25.0;13.0;29.0;22.0;31.0;42.0;36.0;37.0;27.0;21.0;25.0;16.0;14.0;9.0;4.0;12.0;15.0;17.0;11.0;8.0;4.0;14.0;14.0;9.0
2019-07-18;34.0;34.0;46.0;37.0;35.0;32.0;35.0;29.0;21.0;22.0;28.0;21.0;12.0;13.0;16.0;10.0;14.0;6.0;7.0;7.0;9.0;17.0;29.0;29.0
2019-07-19;20.0;20.0;32.0;29.0;31.0;32.0;37.0;30.0;27.0;23.0;20.0;13.0;17.0;14.0;12.0;15.0;15.0;12.0;15.0;13.0;15.0;21.0;12.0;23.0
2019-07-20;27.0;36.0;19.0;27.0;24.0;35.0;30.0;19.0;22.0;26.0;25.0;15.0;21.0;14.0;18.0;13.0;9.0;14.0;8.0;12.0;12.0;23.0;27.0;38.0
2019-07-21;26.0;45.0;44.0;19.0;33.0;27.0;23.0;36.0;15.0;23.0;25.0;30.0;14.0;12.0;10.0;17.0;12.0;11.0;23.0;19.0;18.0;12.0;40.0;33.0
2019-07-22;36.0;44.0;40.0;32.0;35.0;41.0;46.0;28.0;21.0;26.0;36.0;20.0;17.0;12.0;17.0;6.0;8.0;8.0;19.0;10.0;15.0;16.0;27.0;26.0
2019-07-23;32.0;50.0;33.0;27.0;30.0;34.0;30.0;24.0;25.0;27.0;33.0;20.0;18.0;22.0;19.0;14.0;13.0;11.0;4.0;5.0;16.0;13.0;19.0;32.0
2019-07-24;40.0;55.0;60.0;50.0;48.0;40.0;44.0;34.0;25.0;20.0;28.0;22.0;20.0;21.0;14.0;14.0;7.0;8.0;16.0;14.0;12.0;26.0;33.0;34.0
2019-07-25;41.0;52.0;48.0;31.0;32.0;16.0;;;;;;;;;;;;;;;;;;
2019-07-30;;;;;;;;;;;;;;;;;;;;;;;;15.0
2019-07-31;52.0;81.0;58.0;51.0;43.0;50.0;27.0;20.0;25.0;26.0;18.0;16.0;6.0;9.0;16.0;17.0;14.0;7.0;12.0;11.0;7.0;17.0;24.0;24.0
2019-08-01;53.0;69.0;63.0;74.0;35.0;58.0;42.0;20.0;28.0;21.0;18.0;24.0;16.0;10.0;6.0;12.0;6.0;13.0;10.0;13.0;7.0;21.0;18.0;24.0
2019-08-02;40.0;61.0;51.0;47.0;43.0;36.0;37.0;31.0;33.0;23.0;19.0;18.0;12.0;10.0;7.0;12.0;11.0;10.0;3.0;10.0;11.0;29.0;22.0;24.0
2019-08-03;29.0;31.0;52.0;50.0;53.0;36.0;31.0;32.0;24.0;23.0;25.0;18.0;26.0;20.0;17.0;8.0;14.0;10.0;12.0;11.0;12.0;13.0;23.0;26.0
2019-08-04;24.0;28.0;36.0;36.0;47.0;42.0;36.0;30.0;31.0;28.0;28.0;18.0;17.0;13.0;10.0;15.0;9.0;9.0;14.0;13.0;9.0;16.0;29.0;33.0
2019-08-05;46.0;35.0;31.0;43.0;40.0;49.0;50.0;35.0;33.0;50.0;30.0;20.0;10.0;13.0;7.0;13.0;14.0;13.0;10.0;17.0;8.0;15.0;16.0;31.0
2019-08-06;23.0;30.0;37.0;34.0;32.0;50.0;44.0;50.0;22.0;34.0;20.0;18.0;12.0;25.0;14.0;13.0;17.0;12.0;11.0;14.0;14.0;26.0;32.0;24.0
2019-08-07;19.0;41.0;49.0;47.0;44.0;50.0;54.0;61.0;44.0;37.0;30.0;25.0;20.0;12.0;16.0;14.0;19.0;10.0;18.0;4.0;13.0;13.0;27.0;45.0
2019-08-08;43.0;53.0;57.0;50.0;44.0;47.0;48.0;56.0;42.0;13.0;18.0;13.0;13.0;15.0;10.0;16.0;9.0;13.0;8.0;9.0;5.0;19.0;24.0;36.0
2019-08-09;46.0;60.0;45.0;44.0;50.0;41.0;56.0;30.0;36.0;47.0;28.0;27.0;8.0;6.0;15.0;15.0;12.0;8.0;14.0;9.0;8.0;23.0;38.0;47.0
2019-08-10;49.0;43.0;37.0;41.0;31.0;42.0;44.0;23.0;43.0;33.0;31.0;25.0;8.0;18.0;14.0;13.0;8.0;12.0;19.0;8.0;7.0;16.0;35.0;35.0
2019-08-11;61.0;66.0;50.0;45.0;42.0;45.0;31.0;34.0;59.0;50.0;37.0;28.0;23.0;17.0;11.0;4.0;7.0;9.0;5.0;9.0;16.0;20.0;21.0;41.0
2019-08-12;33.0;29.0;43.0;30.0;45.0;33.0;53.0;44.0;55.0;46.0;32.0;42.0;15.0;16.0;17.0;20.0;10.0;11.0;17.0;15.0;12.0;29.0;34.0;36.0
2019-08-13;51.0;53.0;38.0;52.0;54.0;61.0;52.0;67.0;46.0;52.0;46.0;46.0;35.0;28.0;20.0;3.0;11.0;16.0;11.0;18.0;20.0;29.0;31.0;45.0
2019-08-14;49.0;40.0;46.0;38.0;30.0;60.0;40.0;60.0;82.0;82.0;49.0;40.0;26.0;17.0;25.0;22.0;9.0;16.0;16.0;13.0;7.0;15.0;15.0;38.0
2019-08-15;40.0;45.0;51.0;37.0;42.0;45.0;41.0;31.0;38.0;21.0;25.0;20.0;18.0;12.0;13.0;15.0;9.0;12.0;13.0;6.0;5.0;8.0;16.0;23.0
2019-08-16;21.0;30.0;34.0;33.0;27.0;32.0;35.0;44.0;35.0;19.0;27.0;30.0;16.0;9.0;13.0;12.0;8.0;7.0;10.0;11.0;8.0;17.0;18.0;19.0
2019-08-17;21.0;15.0;27.0;29.0;37.0;29.0;25.0;25.0;12.0;27.0;25.0;14.0;17.0;9.0;11.0;12.0;10.0;8.0;18.0;9.0;14.0;20.0;21.0;19.0
2019-08-18;17.0;25.0;29.0;16.0;29.0;33.0;29.0;26.0;16.0;19.0;24.0;18.0;13.0;16.0;8.0;11.0;9.0;8.0;9.0;6.0;8.0;14.0;7.0;18.0
2019-08-19;31.0;29.0;35.0;32.0;26.0;34.0;32.0;24.0;23.0;17.0;22.0;15.0;13.0;7.0;13.0;10.0;12.0;10.0;9.0;15.0;9.0;11.0;27.0;31.0
2019-08-20;41.0;;1.0;1.0;;;;;3.0;22.0;31.0;20.0;20.0;13.0;7.0;8.0;6.0;2.0;9.0;6.0;18.0;17.0;32.0;27.0
2019-08-21;32.0;24.0;31.0;21.0;25.0;26.0;23.0;20.0;16.0;25.0;15.0;13.0;20.0;11.0;3.0;11.0;14.0;10.0;11.0;9.0;10.0;32.0;11.0;23.0
2019-08-22;18.0;22.0;25.0;14.0;13.0;20.0;16.0;30.0;34.0;39.0;36.0;22.0;15.0;16.0;16.0;22.0;12.0;22.0;11.0;12.0;14.0;12.0;31.0;27.0
2019-08-23;35.0;47.0;35.0;30.0;31.0;30.0;21.0;27.0;39.0;36.0;19.0;11.0;24.0;21.0;18.0;14.0;10.0;11.0;14.0;13.0;16.0;26.0;13.0;26.0
2019-08-24;22.0;30.0;47.0;40.0;29.0;25.0;31.0;37.0;33.0;47.0;24.0;19.0;18.0;13.0;6.0;11.0;6.0;6.0;9.0;9.0;5.0;13.0;22.0;22.0
2019-08-25;9.0;30.0;22.0;26.0;17.0;20.0;20.0;29.0;26.0;26.0;14.0;25.0;18.0;22.0;14.0;12.0;14.0;9.0;11.0;11.0;12.0;15.0;10.0;27.0
2019-08-26;35.0;27.0;17.0;26.0;15.0;28.0;14.0;18.0;23.0;23.0;37.0;24.0;11.0;10.0;6.0;16.0;20.0;26.0;18.0;;;;;
2019-08-29;;;;;;;;;;;;;;;;;3.0;9.0;9.0;9.0;8.0;7.0;13.0;14.0
2019-08-30;23.0;26.0;18.0;27.0;22.0;18.0;21.0;22.0;25.0;25.0;18.0;17.0;12.0;8.0;12.0;9.0;9.0;26.0;9.0;9.0;10.0;13.0;10.0;38.0
2019-08-31;33.0;27.0;26.0;17.0;18.0;12.0;23.0;22.0;31.0;39.0;21.0;15.0;16.0;20.0;12.0;18.0;7.0;10.0;8.0;15.0;9.0;16.0;13.0;27.0
2019-09-01;27.0;37.0;41.0;27.0;25.0;17.0;33.0;25.0;49.0;31.0;12.0;20.0;13.0;13.0;10.0;4.0;11.0;1.0;7.0;3.0;8.0;12.0;13.0;19.0
2019-09-02;16.0;38.0;28.0;8.0;30.0;26.0;27.0;25.0;26.0;32.0;32.0;23.0;15.0;16.0;8.0;20.0;11.0;8.0;17.0;11.0;8.0;12.0;20.0;25.0
2019-09-03;33.0;19.0;20.0;28.0;28.0;14.0;7.0;1.0;;2.0;;;;1.0;1.0;2.0;2.0;;;2.0;1.0;;;
2019-09-04;1.0;;1.0;;;;;;;;;;;;;2.0;17.0;18.0;13.0;14.0;17.0;9.0;24.0;39.0
2019-09-01;14.0;3.0;9.0;10.0;10.0;16.0;5.0;16.0;8.0;10.0;4.0;4.0;3.0;3.0;3.0;1.0;1.0;1.0;7.0;7.0;5.0;13.0;17.0;15.0
2019-09-01;14.0;14.0;10.0;12.0;11.0;14.0;31.0;22.0;11.0;12.0;7.0;6.0;4.0;4.0;5.0;4.0;2.0;4.0;1.0;2.0;10.0;5.0;6.0;7.0
2019-09-01;13.0;3.0;6.0;5.0;7.0;12.0;9.0;19.0;12.0;13.0;5.0;4.0;1.0;1.0;296.0;262.0;8.0;19.0;4.0;3.0;4.0;7.0;8.0;11.0
2019-09-01;13.0;9.0;9.0;3.0;6.0;6.0;5.0;5.0;5.0;7.0;12.0;13.0;11.0;7.0;7.0;8.0;7.0;5.0;6.0;8.0;5.0;9.0;15.0;8.0
2019-09-01;16.0;12.0;12.0;8.0;6.0;13.0;14.0;10.0;13.0;17.0;13.0;22.0;21.0;11.0;4.0;4.0;2.0;5.0;7.0;5.0;8.0;10.0;6.0;18.0
2019-09-01;10.0;9.0;8.0;6.0;9.0;12.0;19.0;19.0;11.0;25.0;26.0;19.0;11.0;15.0;5.0;4.0;4.0;1.0;1.0;7.0;10.0;17.0;19.0;14.0
2019-09-01;10.0;6.0;15.0;8.0;11.0;9.0;10.0;11.0;13.0;12.0;24.0;32.0;8.0;8.0;1.0;4.0;3.0;1.0;4.0;5.0;13.0;20.0;22.0;12.0
2019-09-02;14.0;23.0;14.0;19.0;14.0;7.0;10.0;8.0;14.0;22.0;23.0;9.0;15.0;9.0;8.0;3.0;2.0;;6.0;11.0;1.0;4.0;7.0;14.0
2019-09-02;8.0;11.0;7.0;10.0;10.0;13.0;15.0;13.0;13.0;14.0;11.0;8.0;8.0;9.0;3.0;2.0;6.0;2.0;8.0;5.0;4.0;6.0;9.0;13.0
2019-09-02;9.0;13.0;7.0;9.0;2.0;6.0;7.0;7.0;2.0;9.0;8.0;11.0;11.0;7.0;3.0;2.0;5.0;9.0;10.0;3.0;8.0;14.0;22.0;9.0
2019-09-02;21.0;15.0;10.0;7.0;11.0;9.0;22.0;14.0;17.0;19.0;12.0;11.0;4.0;6.0;11.0;4.0;6.0;4.0;4.0;3.0;4.0;6.0;18.0;11.0
2019-09-02;10.0;12.0;12.0;12.0;10.0;13.0;16.0;16.0;16.0;16.0;6.0;10.0;7.0;9.0;10.0;11.0;1.0;11.0;6.0;9.0;7.0;16.0;16.0;11.0
2019-09-02;15.0;10.0;10.0;6.0;7.0;10.0;9.0;13.0;11.0;15.0;16.0;15.0;13.0;6.0;7.0;3.0;5.0;10.0;5.0;5.0;6.0;11.0;6.0;11.0
2019-09-02;12.0;6.0;7.0;6.0;4.0;9.0;10.0;13.0;12.0;14.0;16.0;16.0;8.0;5.0;7.0;10.0;3.0;1.0;10.0;4.0;8.0;11.0;12.0;10.0
2019-09-02;8.0;14.0;6.0;7.0;4.0;7.0;5.0;9.0;7.0;18.0;17.0;11.0;10.0;5.0;3.0;4.0;8.0;6.0;;7.0;5.0;12.0;4.0;6.0
2019-09-02;5.0;8.0;6.0;5.0;8.0;10.0;13.0;10.0;16.0;13.0;13.0;12.0;9.0;7.0;6.0;5.0;1.0;1.0;2.0;7.0;12.0;11.0;11.0;10.0
2019-09-02;10.0;10.0;8.0;4.0;9.0;9.0;9.0;13.0;17.0;12.0;17.0;17.0;16.0;8.0;6.0;3.0;2.0;1.0;7.0;7.0;11.0;7.0;13.0;10.0
2019-09-03;14.0;11.0;5.0;6.0;7.0;5.0;19.0;15.0;18.0;24.0;16.0;11.0;7.0;6.0;5.0;2.0;2.0;1.0;7.0;4.0;10.0;3.0;11.0;14.0
2019-10-01;9.0;7.0;7.0;2.0;13.0;6.0;20.0;3.0;;;;10.0;12.0;5.0;6.0;4.0;2.0;3.0;4.0;11.0;5.0;10.0;11.0;10.0
2019-10-02;10.0;10.0;10.0;6.0;7.0;15.0;16.0;10.0;17.0;15.0;19.0;15.0;8.0;8.0;15.0;3.0;1.0;2.0;1.0;;;;;
2019-10-03;;;;;;;;;13.0;15.0;17.0;6.0;12.0;10.0;3.0;4.0;2.0;22.0;8.0;6.0;5.0;11.0;10.0;9.0
2019-10-04;9.0;9.0;7.0;6.0;9.0;5.0;;3.0;19.0;21.0;10.0;16.0;10.0;11.0;8.0;7.0;1.0;9.0;4.0;4.0;6.0;14.0;14.0;19.0
2019-10-05;10.0;3.0;11.0;5.0;7.0;11.0;11.0;11.0;10.0;10.0;19.0;12.0;5.0;9.0;4.0;3.0;6.0;2.0;6.0;24.0;6.0;12.0;17.0;12.0
2019-10-06;6.0;4.0;4.0;3.0;16.0;6.0;17.0;12.0;6.0;13.0;12.0;14.0;12.0;15.0;5.0;7.0;;1.0;3.0;4.0;11.0;8.0;10.0;13.0
2019-10-07;12.0;6.0;9.0;6.0;9.0;4.0;8.0;10.0;16.0;9.0;12.0;13.0;6.0;3.0;2.0;2.0;2.0;1.0;7.0;7.0;20.0;6.0;10.0;18.0
2019-10-08;18.0;8.0;9.0;7.0;10.0;6.0;11.0;8.0;10.0;12.0;4.0;8.0;9.0;36.0;17.0;4.0;;2.0;1.0;11.0;9.0;8.0;18.0;14.0
2019-10-09;13.0;6.0;5.0;5.0;2.0;5.0;7.0;5.0;13.0;12.0;10.0;8.0;5.0;6.0;2.0;6.0;2.0;3.0;4.0;6.0;7.0;9.0;11.0;11.0
2019-10-10;11.0;16.0;7.0;9.0;3.0;8.0;6.0;2.0;9.0;10.0;7.0;9.0;5.0;4.0;1.0;;1.0;9.0;2.0;6.0;9.0;11.0;18.0;16.0
2019-10-11;21.0;14.0;11.0;10.0;11.0;14.0;11.0;16.0;10.0;14.0;14.0;11.0;12.0;4.0;9.0;10.0;3.0;4.0;5.0;7.0;11.0;23.0;19.0;28.0
2019-10-12;15.0;8.0;10.0;8.0;14.0;11.0;14.0;13.0;22.0;41.0;61.0;9.0;11.0;3.0;2.0;2.0;4.0;3.0;36.0;5.0;7.0;7.0;16.0;4.0
2019-10-13;19.0;19.0;10.0;10.0;13.0;20.0;13.0;17.0;18.0;26.0;18.0;14.0;17.0;12.0;10.0;4.0;6.0;8.0;6.0;13.0;12.0;26.0;34.0;26.0
2019-10-14;30.0;28.0;27.0;22.0;21.0;12.0;36.0;33.0;19.0;11.0;6.0;7.0;10.0;11.0;7.0;7.0;3.0;3.0;6.0;6.0;11.0;9.0;17.0;21.0
2019-10-15;19.0;35.0;25.0;18.0;22.0;15.0;18.0;28.0;18.0;25.0;23.0;17.0;12.0;13.0;33.0;6.0;7.0;17.0;9.0;19.0;19.0;17.0;36.0;37.0
2019-10-16;22.0;33.0;23.0;32.0;21.0;27.0;23.0;22.0;10.0;31.0;25.0;15.0;19.0;8.0;7.0;7.0;8.0;9.0;9.0;11.0;12.0;18.0;42.0;48.0
2019-10-17;33.0;28.0;27.0;23.0;22.0;22.0;21.0;9.0;13.0;13.0;13.0;5.0;6.0;9.0;13.0;6.0;1.0;4.0;5.0;9.0;11.0;21.0;23.0;20.0
2019-10-18;11.0;13.0;7.0;7.0;14.0;10.0;9.0;9.0;12.0;16.0;10.0;15.0;10.0;15.0;12.0;7.0;4.0;3.0;10.0;7.0;10.0;25.0;40.0;37.0
2019-10-19;32.0;26.0;23.0;31.0;32.0;30.0;30.0;24.0;27.0;17.0;19.0;22.0;34.0;14.0;12.0;5.0;7.0;10.0;8.0;7.0;10.0;12.0;11.0;10.0
2019-10-20;12.0;16.0;9.0;5.0;15.0;19.0;7.0;13.0;26.0;18.0;13.0;31.0;5.0;13.0;9.0;4.0;10.0;32.0;23.0;32.0;20.0;29.0;32.0;30.0
2019-10-21;26.0;21.0;37.0;31.0;22.0;28.0;29.0;25.0;21.0;37.0;19.0;20.0;12.0;17.0;11.0;13.0;8.0;7.0;14.0;11.0;21.0;14.0;18.0;16.0
2019-10-22;38.0;35.0;27.0;22.0;19.0;22.0;21.0;39.0;21.0;16.0;25.0;23.0;12.0;8.0;6.0;9.0;11.0;5.0;5.0;4.0;5.0;7.0;19.0;20.0
2019-10-23;19.0;18.0;15.0;14.0;9.0;8.0;19.0;16.0;8.0;14.0;7.0;9.0;5.0;3.0;28.0;4.0;4.0;13.0;29.0;10.0;11.0;16.0;20.0;39.0
2019-10-24;32.0;35.0;30.0;31.0;22.0;29.0;30.0;25.0;37.0;28.0;22.0;20.0;18.0;15.0;10.0;5.0;7.0;8.0;12.0;15.0;14.0;19.0;39.0;49.0
2019-10-25;35.0;28.0;29.0;22.0;27.0;32.0;34.0;43.0;28.0;27.0;31.0;24.0;19.0;13.0;14.0;6.0;9.0;11.0;7.0;11.0;13.0;24.0;31.0;31.0
2019-10-26;26.0;29.0;37.0;31.0;31.0;18.0;35.0;29.0;13.0;18.0;28.0;19.0;13.0;16.0;7.0;12.0;7.0;5.0;6.0;4.0;15.0;24.0;27.0;28.0
2019-10-27;26.0;31.0;23.0;27.0;31.0;30.0;12.0;28.0;28.0;27.0;36.0;48.0;8.0;13.0;16.0;11.0;9.0;6.0;31.0;76.0;41.0;19.0;37.0;29.0
2019-10-28;34.0;33.0;27.0;19.0;30.0;23.0;25.0;28.0;26.0;24.0;20.0;25.0;17.0;11.0;9.0;16.0;10.0;5.0;11.0;14.0;5.0;24.0;25.0;25.0
2019-10-29;27.0;26.0;29.0;21.0;23.0;11.0;21.0;21.0;30.0;18.0;26.0;26.0;16.0;15.0;8.0;8.0;4.0;8.0;9.0;12.0;7.0;15.0;15.0;21.0
2019-10-30;18.0;24.0;23.0;19.0;17.0;13.0;17.0;32.0;17.0;20.0;20.0;20.0;7.0;2.0;5.0;1.0;3.0;11.0;6.0;15.0;11.0;16.0;27.0;30.0
2019-10-31;13.0;21.0;12.0;13.0;8.0;20.0;21.0;17.0;10.0;16.0;22.0;14.0;11.0;5.0;2.0;5.0;5.0;6.0;4.0;6.0;19.0;22.0;15.0;18.0
2019-11-01;14.0;9.0;5.0;8.0;12.0;14.0;5.0;11.0;13.0;14.0;9.0;13.0;13.0;10.0;5.0;8.0;5.0;14.0;16.0;23.0;18.0;22.0;19.0;19.0
2019-11-02;25.0;22.0;19.0;18.0;17.0;16.0;26.0;21.0;22.0;19.0;19.0;21.0;16.0;11.0;6.0;10.0;6.0;3.0;3.0;8.0;16.0;11.0;16.0;26.0
2019-11-03;27.0;15.0;15.0;23.0;25.0;24.0;19.0;24.0;22.0;20.0;12.0;20.0;13.0;16.0;3.0;4.0;4.0;6.0;14.0;14.0;15.0;18.0;24.0;25.0
2019-11-04;26.0;18.0;28.0;32.0;21.0;23.0;18.0;15.0;23.0;26.0;27.0;25.0;20.0;10.0;9.0;7.0;3.0;3.0;9.0;13.0;10.0;17.0;18.0;18.0
2019-11-05;26.0;13.0;13.0;5.0;4.0;10.0;11.0;8.0;18.0;22.0;24.0;23.0;17.0;5.0;8.0;12.0;6.0;18.0;7.0;9.0;9.0;24.0;28.0;39.0
2019-11-06;28.0;26.0;20.0;21.0;20.0;24.0;18.0;18.0;23.0;28.0;29.0;24.0;19.0;19.0;6.0;5.0;7.0;6.0;6.0;24.0;15.0;28.0;20.0;44.0
2019-11-07;11.0;12.0;15.0;13.0;8.0;9.0;6.0;19.0;17.0;11.0;20.0;20.0;8.0;;;;;;;;;;;
2019-11-15;;;;;;;;1.0;;;;;;;;;;;;;;;;
2019-11-16;;;;;;;;;;;;;;;;;;;3.0;6.0;7.0;7.0;18.0;17.0
2019-11-17;11.0;16.0;5.0;13.0;7.0;13.0;19.0;14.0;13.0;16.0;10.0;12.0;7.0;8.0;6.0;4.0;3.0;;3.0;2.0;3.0;6.0;4.0;10.0
2019-11-18;4.0;14.0;7.0;14.0;10.0;16.0;17.0;19.0;9.0;18.0;13.0;10.0;10.0;8.0;11.0;4.0;;5.0;7.0;8.0;13.0;17.0;20.0;19.0
2019-11-19;10.0;9.0;17.0;15.0;12.0;19.0;10.0;19.0;12.0;15.0;13.0;11.0;7.0;7.0;7.0;8.0;19.0;8.0;8.0;8.0;16.0;14.0;12.0;20.0
2019-11-20;14.0;17.0;8.0;13.0;5.0;9.0;10.0;12.0;12.0;15.0;18.0;20.0;44.0;11.0;1.0;1.0;2.0;2.0;4.0;5.0;8.0;13.0;9.0;15.0
2019-11-21;9.0;6.0;11.0;7.0;10.0;10.0;5.0;6.0;6.0;13.0;8.0;7.0;7.0;6.0;6.0;17.0;2.0;4.0;2.0;6.0;4.0;8.0;10.0;16.0
2019-11-22;3.0;5.0;6.0;6.0;18.0;18.0;4.0;4.0;6.0;12.0;6.0;12.0;13.0;14.0;4.0;7.0;1.0;4.0;1.0;2.0;15.0;9.0;14.0;11.0
2019-11-23;11.0;15.0;6.0;8.0;10.0;21.0;16.0;17.0;19.0;17.0;18.0;17.0;12.0;7.0;3.0;1.0;7.0;4.0;9.0;14.0;13.0;27.0;19.0;18.0
2019-11-24;19.0;21.0;17.0;13.0;27.0;21.0;26.0;30.0;22.0;28.0;19.0;14.0;21.0;12.0;6.0;10.0;4.0;5.0;10.0;13.0;16.0;22.0;30.0;24.0
2019-11-25;11.0;17.0;20.0;28.0;21.0;20.0;23.0;18.0;24.0;23.0;18.0;10.0;15.0;16.0;5.0;13.0;7.0;3.0;9.0;17.0;9.0;17.0;16.0;14.0
2019-11-26;16.0;22.0;24.0;15.0;18.0;18.0;19.0;23.0;23.0;8.0;1.0;2.0;1.0;10.0;5.0;5.0;17.0;2.0;3.0;7.0;3.0;9.0;12.0;14.0
2019-11-27;15.0;16.0;9.0;4.0;5.0;3.0;4.0;6.0;2.0;9.0;13.0;21.0;19.0;30.0;25.0;12.0;10.0;8.0;11.0;9.0;16.0;19.0;25.0;21.0
2019-11-28;25.0;18.0;22.0;20.0;10.0;20.0;17.0;14.0;28.0;20.0;39.0;51.0;30.0;19.0;10.0;5.0;10.0;10.0;10.0;19.0;17.0;21.0;21.0;25.0
2019-11-29;34.0;27.0;25.0;24.0;21.0;21.0;18.0;16.0;16.0;18.0;4.0;4.0;5.0;4.0;6.0;4.0;3.0;4.0;6.0;6.0;10.0;21.0;25.0;31.0
2019-11-30;24.0;24.0;9.0;22.0;17.0;14.0;24.0;13.0;28.0;13.0;18.0;18.0;12.0;12.0;8.0;3.0;8.0;3.0;6.0;10.0;12.0;8.0;53.0;40.0
2019-12-01;14.0;9.0;17.0;7.0;8.0;8.0;9.0;12.0;7.0;10.0;7.0;6.0;6.0;5.0;2.0;3.0;2.0;4.0;9.0;10.0;11.0;4.0;13.0;17.0
2019-12-02;11.0;9.0;10.0;6.0;9.0;9.0;19.0;23.0;17.0;19.0;19.0;16.0;18.0;18.0;13.0;5.0;5.0;7.0;7.0;14.0;19.0;21.0;17.0;27.0
2019-12-03;19.0;16.0;12.0;20.0;14.0;12.0;22.0;23.0;19.0;19.0;25.0;17.0;14.0;11.0;8.0;10.0;3.0;5.0;5.0;8.0;12.0;21.0;19.0;17.0
2019-12-04;20.0;27.0;20.0;25.0;21.0;23.0;13.0;8.0;9.0;10.0;8.0;9.0;8.0;1.0;1.0;1.0;4.0;2.0;3.0;7.0;1.0;5.0;13.0;25.0
2019-12-05;13.0;20.0;6.0;8.0;9.0;15.0;20.0;8.0;19.0;21.0;16.0;13.0;16.0;23.0;20.0;15.0;7.0;6.0;8.0;16.0;23.0;21.0;26.0;37.0
2019-12-06;18.0;28.0;25.0;23.0;20.0;33.0;24.0;26.0;26.0;27.0;27.0;28.0;14.0;13.0;12.0;3.0;5.0;7.0;6.0;15.0;24.0;22.0;31.0;29.0
2019-12-07;23.0;23.0;24.0;24.0;22.0;13.0;14.0;15.0;23.0;19.0;14.0;11.0;14.0;14.0;13.0;8.0;9.0;4.0;7.0;21.0;22.0;27.0;22.0;35.0
2019-12-08;22.0;34.0;23.0;27.0;23.0;23.0;26.0;18.0;6.0;4.0;7.0;9.0;5.0;3.0;2.0;2.0;;5.0;8.0;4.0;9.0;11.0;14.0;14.0
2019-12-09;17.0;9.0;11.0;5.0;14.0;8.0;3.0;7.0;9.0;9.0;2.0;7.0;5.0;6.0;5.0;3.0;3.0;10.0;11.0;16.0;22.0;32.0;36.0;29.0
2019-12-11;39.0;37.0;27.0;28.0;19.0;22.0;17.0;19.0;27.0;30.0;8.0;12.0;11.0;13.0;19.0;27.0;8.0;6.0;7.0;19.0;39.0;39.0;59.0;51.0
2019-12-12;50.0;25.0;16.0;15.0;33.0;23.0;30.0;30.0;16.0;35.0;24.0;12.0;14.0;13.0;5.0;9.0;3.0;3.0;9.0;47.0;61.0;78.0;86.0;101.0
2019-12-14;;;;;;;;;;;;;;;;;;;16.0;60.0;81.0;113.0;126.0;103.0
2019-12-15;79.0;70.0;33.0;38.0;60.0;41.0;37.0;29.0;30.0;25.0;16.0;14.0;8.0;7.0;3.0;3.0;2.0;2.0;12.0;11.0;21.0;27.0;32.0;23.0
2019-12-16;13.0;19.0;14.0;13.0;7.0;15.0;10.0;15.0;11.0;8.0;15.0;14.0;9.0;6.0;4.0;7.0;3.0;1.0;2.0;6.0;3.0;16.0;12.0;20.0
2019-12-17;9.0;13.0;9.0;9.0;13.0;14.0;11.0;7.0;8.0;13.0;21.0;10.0;12.0;6.0;6.0;5.0;6.0;3.0;6.0;11.0;11.0;10.0;13.0;19.0
2019-12-18;14.0;16.0;17.0;12.0;11.0;18.0;14.0;17.0;9.0;15.0;17.0;12.0;10.0;10.0;10.0;9.0;4.0;5.0;10.0;12.0;11.0;19.0;14.0;13.0
2019-12-19;16.0;8.0;7.0;8.0;11.0;9.0;12.0;9.0;10.0;17.0;5.0;19.0;8.0;7.0;4.0;2.0;1.0;2.0;4.0;4.0;7.0;12.0;12.0;18.0
2019-12-20;13.0;11.0;6.0;9.0;14.0;8.0;11.0;12.0;19.0;22.0;15.0;26.0;8.0;18.0;4.0;2.0;9.0;2.0;4.0;2.0;10.0;5.0;16.0;14.0
2019-12-21;16.0;12.0;11.0;13.0;8.0;15.0;14.0;13.0;10.0;14.0;8.0;14.0;15.0;13.0;13.0;6.0;10.0;13.0;5.0;11.0;13.0;18.0;23.0;22.0
2019-12-22;21.0;15.0;17.0;17.0;29.0;11.0;23.0;20.0;28.0;34.0;24.0;22.0;17.0;19.0;16.0;12.0;9.0;9.0;12.0;12.0;15.0;18.0;31.0;19.0
2019-12-23;22.0;40.0;27.0;23.0;29.0;22.0;24.0;25.0;25.0;23.0;47.0;18.0;17.0;15.0;10.0;9.0;3.0;3.0;5.0;9.0;20.0;18.0;5.0;12.0
2019-12-24;8.0;13.0;22.0;14.0;8.0;9.0;14.0;18.0;24.0;18.0;16.0;13.0;10.0;6.0;7.0;4.0;7.0;4.0;4.0;8.0;3.0;10.0;16.0;18.0
2019-12-25;12.0;18.0;14.0;12.0;12.0;15.0;11.0;7.0;19.0;22.0;16.0;14.0;12.0;12.0;3.0;3.0;4.0;3.0;3.0;5.0;4.0;10.0;8.0;8.0
2019-12-26;14.0;11.0;9.0;12.0;10.0;27.0;21.0;14.0;16.0;15.0;12.0;17.0;14.0;15.0;10.0;12.0;5.0;15.0;10.0;9.0;14.0;14.0;22.0;33.0
2019-12-27;21.0;23.0;20.0;28.0;26.0;26.0;18.0;28.0;23.0;20.0;28.0;31.0;14.0;15.0;11.0;6.0;6.0;8.0;14.0;7.0;10.0;12.0;18.0;40.0
2019-12-28;20.0;23.0;25.0;28.0;22.0;31.0;21.0;29.0;33.0;32.0;20.0;24.0;19.0;11.0;7.0;7.0;4.0;7.0;10.0;9.0;14.0;23.0;23.0;40.0
2019-12-29;22.0;27.0;20.0;26.0;28.0;30.0;19.0;20.0;24.0;16.0;22.0;17.0;12.0;12.0;10.0;4.0;9.0;9.0;12.0;8.0;14.0;12.0;26.0;18.0
2019-12-30;18.0;20.0;26.0;24.0;23.0;27.0;25.0;31.0;23.0;33.0;27.0;26.0;12.0;12.0;13.0;11.0;6.0;6.0;5.0;12.0;14.0;18.0;25.0;18.0
2019-12-31;16.0;27.0;13.0;15.0;17.0;20.0;26.0;28.0;20.0;26.0;28.0;25.0;16.0;7.0;6.0;6.0;9.0;6.0;5.0;11.0;11.0;11.0;26.0;20.0
2020-01-01;25.0;22.0;24.0;20.0;22.0;31.0;15.0;11.0;13.0;16.0;14.0;9.0;15.0;15.0;8.0;11.0;5.0;11.0;7.0;7.0;9.0;18.0;19.0;15.0
2020-01-02;34.0;16.0;22.0;19.0;27.0;13.0;33.0;22.0;28.0;32.0;22.0;17.0;17.0;15.0;12.0;6.0;10.0;4.0;5.0;13.0;68.0;69.0;48.0;10.0
2020-01-03;19.0;36.0;24.0;16.0;24.0;34.0;25.0;17.0;25.0;15.0;12.0;5.0;15.0;7.0;13.0;8.0;7.0;10.0;8.0;34.0;12.0;54.0;33.0;55.0
2020-01-04;46.0;67.0;47.0;65.0;55.0;55.0;38.0;21.0;31.0;50.0;51.0;38.0;31.0;37.0;23.0;20.0;17.0;8.0;12.0;11.0;18.0;18.0;25.0;21.0
2020-01-05;18.0;31.0;30.0;25.0;27.0;27.0;18.0;27.0;22.0;22.0;28.0;11.0;23.0;19.0;14.0;11.0;5.0;11.0;1.0;17.0;17.0;15.0;20.0;15.0
2020-01-10;10.0;24.0;25.0;25.0;36.0;18.0;28.0;25.0;27.0;23.0;25.0;31.0;21.0;18.0;4.0;2.0;7.0;10.0;8.0;9.0;18.0;15.0;23.0;23.0
2020-01-11;22.0;30.0;13.0;30.0;26.0;39.0;27.0;26.0;23.0;23.0;28.0;25.0;17.0;11.0;4.0;11.0;6.0;12.0;5.0;36.0;22.0;27.0;58.0;24.0
2020-01-12;32.0;22.0;36.0;30.0;33.0;29.0;27.0;21.0;22.0;19.0;23.0;23.0;14.0;9.0;14.0;4.0;2.0;4.0;78.0;7.0;6.0;15.0;29.0;28.0
2020-01-13;22.0;25.0;30.0;25.0;26.0;23.0;28.0;21.0;24.0;25.0;26.0;16.0;11.0;20.0;10.0;6.0;3.0;2.0;7.0;10.0;5.0;13.0;18.0;58.0
2020-01-14;26.0;42.0;34.0;25.0;28.0;23.0;22.0;23.0;18.0;27.0;41.0;33.0;38.0;30.0;21.0;22.0;4.0;8.0;12.0;5.0;7.0;13.0;21.0;26.0
2020-01-15;5.0;22.0;36.0;35.0;42.0;35.0;25.0;12.0;22.0;18.0;17.0;22.0;15.0;15.0;19.0;10.0;4.0;3.0;6.0;8.0;11.0;17.0;14.0;16.0
2020-01-16;18.0;19.0;29.0;29.0;23.0;24.0;18.0;28.0;15.0;13.0;15.0;14.0;11.0;20.0;17.0;6.0;2.0;5.0;3.0;7.0;9.0;7.0;4.0;13.0
2020-01-17;9.0;19.0;19.0;21.0;19.0;18.0;12.0;14.0;9.0;15.0;9.0;15.0;9.0;4.0;5.0;4.0;3.0;5.0;;4.0;3.0;8.0;5.0;9.0
2020-01-18;11.0;8.0;14.0;27.0;17.0;9.0;19.0;10.0;6.0;7.0;15.0;9.0;4.0;6.0;7.0;3.0;;;4.0;8.0;9.0;6.0;5.0;9.0
2020-01-19;10.0;31.0;19.0;42.0;33.0;25.0;24.0;35.0;28.0;24.0;12.0;13.0;19.0;15.0;10.0;9.0;4.0;3.0;1.0;6.0;13.0;8.0;18.0;16.0
2020-01-20;10.0;20.0;18.0;34.0;33.0;31.0;25.0;27.0;23.0;22.0;22.0;18.0;18.0;11.0;8.0;4.0;2.0;4.0;2.0;9.0;9.0;8.0;25.0;12.0
2020-01-21;27.0;23.0;28.0;44.0;25.0;29.0;22.0;34.0;25.0;13.0;16.0;7.0;12.0;12.0;8.0;4.0;2.0;5.0;4.0;10.0;9.0;12.0;17.0;19.0
2020-01-22;14.0;27.0;30.0;30.0;33.0;24.0;17.0;5.0;9.0;6.0;16.0;8.0;12.0;24.0;12.0;6.0;;5.0;10.0;6.0;5.0;13.0;18.0;22.0
2020-01-23;20.0;30.0;25.0;26.0;24.0;19.0;34.0;28.0;26.0;24.0;24.0;20.0;19.0;14.0;3.0;;;2.0;10.0;15.0;42.0;20.0;11.0;11.0
2020-01-29;;;;;;;;;1.0;4.0;7.0;9.0;10.0;4.0;11.0;6.0;3.0;3.0;5.0;6.0;8.0;19.0;9.0;11.0
2020-01-30;11.0;11.0;7.0;8.0;5.0;12.0;4.0;4.0;2.0;7.0;7.0;10.0;11.0;5.0;4.0;4.0;4.0;1.0;6.0;;1.0;4.0;4.0;5.0
2020-01-31;4.0;6.0;4.0;5.0;3.0;2.0;5.0;5.0;6.0;5.0;9.0;11.0;14.0;10.0;7.0;4.0;2.0;;1.0;7.0;9.0;5.0;7.0;11.0
2020-02-01;1.0;2.0;4.0;2.0;2.0;4.0;3.0;;4.0;4.0;11.0;9.0;4.0;5.0;6.0;3.0;2.0;4.0;4.0;3.0;7.0;16.0;11.0;13.0
2020-02-02;18.0;15.0;8.0;3.0;4.0;3.0;5.0;6.0;2.0;11.0;49.0;4.0;6.0;5.0;6.0;4.0;1.0;14.0;5.0;5.0;10.0;7.0;8.0;20.0
2020-02-03;15.0;9.0;12.0;10.0;5.0;3.0;10.0;9.0;4.0;5.0;9.0;14.0;15.0;7.0;6.0;6.0;2.0;2.0;2.0;2.0;6.0;8.0;19.0;20.0
2020-02-04;17.0;9.0;17.0;13.0;3.0;2.0;6.0;2.0;3.0;6.0;6.0;1.0;8.0;2.0;4.0;1.0;2.0;5.0;3.0;4.0;4.0;12.0;7.0;16.0
2020-02-05;24.0;11.0;11.0;11.0;13.0;6.0;4.0;5.0;8.0;11.0;7.0;3.0;10.0;13.0;3.0;3.0;4.0;2.0;1.0;5.0;6.0;7.0;18.0;7.0
2020-02-06;12.0;14.0;11.0;14.0;6.0;6.0;6.0;4.0;7.0;11.0;9.0;4.0;12.0;5.0;1.0;5.0;1.0;3.0;6.0;5.0;3.0;6.0;9.0;6.0
2020-02-07;6.0;12.0;11.0;6.0;5.0;12.0;9.0;12.0;8.0;13.0;20.0;7.0;10.0;8.0;3.0;2.0;5.0;3.0;5.0;2.0;7.0;12.0;13.0;13.0
2020-02-08;11.0;11.0;7.0;8.0;5.0;6.0;6.0;4.0;3.0;4.0;3.0;6.0;7.0;3.0;3.0;;1.0;3.0;2.0;2.0;4.0;10.0;7.0;15.0
2020-02-09;10.0;6.0;11.0;4.0;7.0;4.0;1.0;1.0;6.0;5.0;3.0;5.0;11.0;8.0;2.0;5.0;;1.0;1.0;;10.0;7.0;13.0;10.0
2020-02-10;14.0;12.0;11.0;10.0;11.0;12.0;11.0;9.0;8.0;1.0;6.0;11.0;12.0;10.0;5.0;5.0;3.0;4.0;11.0;59.0;14.0;5.0;17.0;16.0
2020-02-11;16.0;11.0;16.0;8.0;2.0;3.0;;3.0;3.0;4.0;2.0;7.0;6.0;1.0;2.0;6.0;4.0;5.0;5.0;5.0;12.0;9.0;8.0;10.0
2020-02-12;13.0;14.0;13.0;17.0;10.0;13.0;9.0;10.0;16.0;20.0;35.0;21.0;18.0;6.0;17.0;3.0;2.0;1.0;6.0;3.0;3.0;13.0;15.0;17.0
2020-02-13;15.0;17.0;11.0;9.0;9.0;9.0;9.0;14.0;14.0;19.0;12.0;13.0;11.0;16.0;8.0;2.0;2.0;4.0;3.0;3.0;5.0;6.0;9.0;8.0
2020-02-14;13.0;12.0;7.0;5.0;7.0;3.0;2.0;3.0;1.0;;3.0;10.0;10.0;5.0;6.0;5.0;5.0;1.0;3.0;8.0;7.0;7.0;12.0;12.0
2020-02-15;12.0;4.0;9.0;9.0;4.0;6.0;6.0;10.0;5.0;10.0;10.0;14.0;6.0;6.0;2.0;8.0;2.0;1.0;3.0;2.0;10.0;9.0;5.0;13.0
2020-02-16;15.0;23.0;16.0;10.0;13.0;8.0;8.0;12.0;14.0;13.0;9.0;12.0;14.0;13.0;7.0;;1.0;2.0;4.0;2.0;11.0;10.0;10.0;13.0
2020-02-17;4.0;15.0;16.0;12.0;7.0;7.0;17.0;14.0;12.0;13.0;18.0;15.0;12.0;9.0;7.0;7.0;3.0;2.0;5.0;7.0;4.0;7.0;13.0;10.0
2020-02-18;11.0;15.0;11.0;13.0;11.0;5.0;13.0;9.0;6.0;9.0;6.0;5.0;10.0;11.0;9.0;5.0;7.0;4.0;6.0;3.0;7.0;7.0;6.0;11.0
2020-02-19;12.0;10.0;14.0;9.0;8.0;10.0;12.0;10.0;14.0;10.0;18.0;5.0;14.0;18.0;13.0;8.0;5.0;6.0;4.0;6.0;15.0;36.0;8.0;9.0
2020-02-25;11.0;16.0;14.0;14.0;8.0;6.0;10.0;10.0;14.0;7.0;11.0;14.0;14.0;10.0;5.0;4.0;2.0;2.0;3.0;1.0;3.0;5.0;8.0;7.0
2020-02-26;14.0;11.0;5.0;9.0;7.0;5.0;3.0;10.0;11.0;6.0;10.0;16.0;7.0;8.0;4.0;1.0;4.0;1.0;1.0;8.0;3.0;4.0;8.0;9.0
2020-02-27;9.0;8.0;9.0;7.0;9.0;11.0;8.0;11.0;10.0;4.0;19.0;9.0;19.0;6.0;3.0;3.0;4.0;4.0;2.0;3.0;7.0;7.0;12.0;15.0
2020-02-28;10.0;12.0;8.0;3.0;7.0;10.0;7.0;11.0;9.0;7.0;7.0;10.0;12.0;4.0;3.0;2.0;2.0;2.0;4.0;4.0;2.0;6.0;7.0;10.0
2020-02-29;9.0;17.0;11.0;5.0;11.0;5.0;5.0;6.0;9.0;4.0;12.0;7.0;5.0;5.0;3.0;3.0;1.0;4.0;4.0;1.0;4.0;9.0;8.0;6.0
2020-03-01;13.0;7.0;5.0;7.0;4.0;2.0;8.0;5.0;7.0;11.0;11.0;7.0;3.0;4.0;2.0;2.0;3.0;;;;1.0;2.0;2.0;8.0
2020-03-02;7.0;7.0;11.0;1.0;3.0;4.0;11.0;7.0;7.0;12.0;10.0;11.0;7.0;6.0;6.0;;5.0;4.0;1.0;1.0;4.0;8.0;11.0;10.0
2020-03-03;10.0;18.0;12.0;9.0;8.0;8.0;11.0;11.0;11.0;10.0;12.0;12.0;12.0;4.0;6.0;5.0;3.0;5.0;16.0;18.0;42.0;24.0;10.0;10.0
2020-03-04;14.0;9.0;12.0;11.0;12.0;12.0;3.0;15.0;12.0;27.0;36.0;24.0;13.0;18.0;3.0;1.0;;1.0;;3.0;3.0;4.0;15.0;17.0
2020-03-05;9.0;8.0;14.0;7.0;11.0;8.0;7.0;8.0;5.0;10.0;9.0;3.0;;8.0;4.0;3.0;2.0;;37.0;27.0;7.0;12.0;9.0;11.0
2020-03-06;13.0;9.0;11.0;2.0;12.0;6.0;6.0;14.0;6.0;7.0;8.0;8.0;2.0;5.0;1.0;1.0;;4.0;3.0;3.0;4.0;4.0;9.0;5.0
2020-03-07;9.0;6.0;5.0;6.0;4.0;4.0;5.0;11.0;15.0;5.0;8.0;10.0;5.0;7.0;1.0;9.0;5.0;2.0;1.0;5.0;6.0;8.0;5.0;6.0
2020-03-08;7.0;10.0;8.0;6.0;6.0;3.0;3.0;8.0;6.0;7.0;26.0;15.0;8.0;5.0;3.0;;;2.0;4.0;2.0;3.0;2.0;3.0;11.0
2020-03-09;9.0;11.0;12.0;11.0;7.0;9.0;9.0;9.0;5.0;8.0;11.0;15.0;6.0;10.0;3.0;3.0;4.0;1.0;3.0;1.0;2.0;5.0;7.0;8.0
2020-03-10;5.0;8.0;9.0;11.0;5.0;7.0;5.0;7.0;9.0;14.0;12.0;14.0;9.0;5.0;7.0;3.0;3.0;5.0;3.0;2.0;5.0;6.0;8.0;7.0
2020-03-11;16.0;7.0;12.0;5.0;12.0;8.0;14.0;6.0;10.0;14.0;15.0;11.0;6.0;4.0;1.0;3.0;;1.0;1.0;4.0;5.0;5.0;10.0;10.0
2020-03-12;11.0;10.0;9.0;9.0;8.0;14.0;11.0;16.0;11.0;10.0;9.0;15.0;11.0;4.0;5.0;2.0;2.0;2.0;;2.0;3.0;7.0;4.0;5.0
2020-03-13;6.0;9.0;12.0;8.0;9.0;4.0;9.0;12.0;9.0;11.0;14.0;13.0;9.0;6.0;7.0;3.0;;2.0;1.0;2.0;7.0;1.0;6.0;8.0
2020-03-14;14.0;11.0;13.0;7.0;12.0;9.0;6.0;11.0;10.0;13.0;14.0;12.0;7.0;4.0;3.0;2.0;1.0;1.0;3.0;3.0;4.0;3.0;12.0;10.0
2020-03-15;8.0;13.0;6.0;13.0;9.0;7.0;13.0;9.0;18.0;14.0;12.0;32.0;12.0;6.0;6.0;4.0;4.0;3.0;8.0;1.0;1.0;5.0;11.0;6.0
2020-03-16;7.0;4.0;3.0;2.0;4.0;5.0;;11.0;13.0;20.0;15.0;17.0;13.0;8.0;2.0;3.0;2.0;;;;;2.0;;4.0
2020-03-17;3.0;8.0;5.0;8.0;3.0;8.0;5.0;14.0;4.0;3.0;6.0;6.0;15.0;8.0;9.0;5.0;12.0;;9.0;4.0;2.0;6.0;1.0;6.0
2020-03-18;14.0;14.0;15.0;13.0;15.0;13.0;14.0;13.0;19.0;11.0;11.0;23.0;12.0;6.0;4.0;6.0;3.0;3.0;110.0;2.0;5.0;6.0;6.0;10.0
2020-03-19;9.0;15.0;18.0;15.0;14.0;7.0;15.0;13.0;13.0;17.0;23.0;16.0;29.0;14.0;6.0;8.0;2.0;2.0;3.0;4.0;3.0;4.0;7.0;8.0
2020-03-20;15.0;11.0;14.0;12.0;10.0;2.0;8.0;14.0;6.0;8.0;10.0;12.0;13.0;10.0;7.0;1.0;2.0;4.0;7.0;2.0;3.0;6.0;7.0;15.0
2020-03-21;10.0;9.0;5.0;3.0;4.0;3.0;3.0;15.0;18.0;7.0;6.0;3.0;4.0;2.0;1.0;;1.0;;4.0;2.0;3.0;6.0;4.0;14.0
2020-03-22;11.0;11.0;12.0;7.0;12.0;8.0;6.0;11.0;24.0;18.0;13.0;63.0;10.0;4.0;8.0;3.0;4.0;4.0;2.0;2.0;3.0;3.0;6.0;2.0
2020-03-23;5.0;4.0;11.0;3.0;6.0;3.0;9.0;6.0;6.0;5.0;6.0;5.0;7.0;3.0;1.0;4.0;;2.0;2.0;1.0;1.0;19.0;16.0;11.0
2020-03-24;11.0;17.0;10.0;11.0;7.0;2.0;4.0;4.0;5.0;6.0;15.0;23.0;17.0;6.0;3.0;1.0;;2.0;2.0;6.0;5.0;4.0;5.0;4.0
2020-03-25;7.0;15.0;14.0;11.0;16.0;11.0;9.0;17.0;17.0;12.0;4.0;;;2.0;2.0;19.0;7.0;2.0;2.0;6.0;4.0;12.0;16.0;9.0
2020-03-26;10.0;15.0;14.0;12.0;9.0;9.0;3.0;5.0;16.0;9.0;20.0;19.0;13.0;6.0;4.0;2.0;2.0;2.0;;4.0;5.0;9.0;8.0;12.0
2020-03-27;10.0;10.0;7.0;15.0;4.0;4.0;7.0;4.0;14.0;12.0;6.0;7.0;6.0;11.0;7.0;5.0;5.0;;2.0;3.0;3.0;4.0;10.0;11.0
2020-03-28;10.0;18.0;11.0;14.0;8.0;8.0;10.0;19.0;12.0;26.0;28.0;38.0;31.0;13.0;7.0;4.0;6.0;7.0;3.0;5.0;7.0;12.0;17.0;15.0
2020-03-29;10.0;14.0;;8.0;15.0;10.0;12.0;20.0;11.0;23.0;16.0;14.0;11.0;2.0;4.0;4.0;2.0;2.0;6.0;6.0;4.0;6.0;9.0;6.0
2020-03-30;13.0;10.0;16.0;10.0;9.0;10.0;9.0;15.0;17.0;13.0;17.0;11.0;3.0;2.0;;1.0;;5.0;4.0;3.0;19.0;3.0;6.0;3.0
2020-03-31;7.0;9.0;1.0;9.0;8.0;8.0;10.0;10.0;11.0;11.0;8.0;9.0;5.0;2.0;;2.0;2.0;2.0;;2.0;1.0;2.0;3.0;2.0
2020-04-01;5.0;4.0;3.0;3.0;4.0;5.0;6.0;6.0;9.0;6.0;5.0;5.0;10.0;7.0;11.0;5.0;2.0;3.0;4.0;5.0;2.0;4.0;8.0;14.0
2020-04-02;14.0;9.0;16.0;7.0;4.0;8.0;10.0;11.0;13.0;23.0;12.0;19.0;18.0;3.0;1.0;5.0;4.0;2.0;9.0;11.0;6.0;3.0;8.0;8.0
2020-04-03;6.0;13.0;8.0;11.0;5.0;9.0;12.0;14.0;18.0;21.0;20.0;20.0;15.0;10.0;9.0;4.0;1.0;;1.0;6.0;2.0;4.0;8.0;11.0
2020-04-04;10.0;7.0;10.0;7.0;6.0;8.0;7.0;9.0;9.0;13.0;13.0;17.0;7.0;5.0;5.0;2.0;4.0;;;3.0;3.0;6.0;8.0;10.0
2020-04-05;11.0;7.0;13.0;11.0;6.0;14.0;9.0;10.0;19.0;22.0;29.0;7.0;12.0;5.0;;1.0;3.0;;3.0;6.0;3.0;1.0;5.0;8.0
2020-04-06;16.0;10.0;16.0;8.0;6.0;1.0;8.0;3.0;7.0;10.0;23.0;16.0;11.0;7.0;7.0;18.0;14.0;15.0;7.0;7.0;8.0;7.0;2.0;5.0
2020-04-07;9.0;9.0;4.0;9.0;7.0;4.0;9.0;8.0;13.0;7.0;21.0;18.0;7.0;5.0;1.0;8.0;1.0;2.0;;3.0;4.0;4.0;7.0;6.0
2020-04-08;6.0;12.0;9.0;6.0;9.0;8.0;5.0;14.0;15.0;14.0;17.0;14.0;11.0;46.0;17.0;20.0;6.0;7.0;4.0;5.0;4.0;37.0;7.0;16.0
2020-04-09;14.0;20.0;19.0;15.0;5.0;16.0;7.0;19.0;18.0;33.0;27.0;27.0;10.0;11.0;2.0;3.0;5.0;;1.0;2.0;5.0;2.0;4.0;5.0
2020-04-23;20.0;29.0;25.0;27.0;27.0;21.0;24.0;33.0;35.0;31.0;34.0;19.0;13.0;9.0;6.0;11.0;11.0;8.0;8.0;3.0;2.0;10.0;7.0;14.0
2020-04-24;9.0;17.0;17.0;5.0;6.0;18.0;26.0;13.0;23.0;15.0;21.0;7.0;9.0;16.0;;6.0;2.0;2.0;5.0;2.0;;5.0;7.0;5.0
2020-04-25;10.0;13.0;15.0;8.0;13.0;13.0;17.0;17.0;20.0;23.0;19.0;13.0;8.0;5.0;4.0;1.0;4.0;6.0;3.0;3.0;1.0;1.0;5.0;8.0
2020-04-26;12.0;7.0;16.0;6.0;14.0;15.0;24.0;28.0;29.0;30.0;23.0;31.0;5.0;1.0;3.0;2.0;2.0;2.0;1.0;2.0;6.0;6.0;4.0;14.0
2020-04-27;20.0;14.0;8.0;11.0;11.0;10.0;19.0;24.0;34.0;20.0;23.0;11.0;4.0;5.0;4.0;3.0;4.0;4.0;4.0;2.0;1.0;4.0;8.0;10.0
2020-04-28;9.0;4.0;6.0;6.0;12.0;7.0;11.0;23.0;37.0;33.0;25.0;12.0;14.0;14.0;26.0;65.0;50.0;62.0;15.0;35.0;50.0;12.0;11.0;16.0
2020-04-29;21.0;19.0;20.0;13.0;14.0;31.0;20.0;28.0;35.0;26.0;31.0;15.0;10.0;6.0;1.0;2.0;2.0;3.0;2.0;5.0;5.0;8.0;12.0;14.0
2020-04-30;13.0;10.0;22.0;13.0;15.0;11.0;10.0;22.0;33.0;14.0;20.0;18.0;8.0;4.0;;5.0;3.0;1.0;3.0;2.0;7.0;6.0;6.0;15.0
2020-05-01;11.0;15.0;8.0;13.0;16.0;21.0;21.0;23.0;40.0;26.0;24.0;18.0;3.0;6.0;6.0;3.0;3.0;;3.0;4.0;4.0;8.0;10.0;14.0
2020-05-02;13.0;21.0;14.0;19.0;12.0;23.0;26.0;25.0;31.0;31.0;30.0;17.0;11.0;8.0;4.0;4.0;5.0;4.0;4.0;2.0;7.0;8.0;4.0;10.0
2020-05-03;13.0;19.0;7.0;6.0;14.0;18.0;24.0;32.0;39.0;40.0;21.0;22.0;8.0;10.0;9.0;7.0;3.0;2.0;2.0;4.0;8.0;4.0;7.0;12.0
2020-05-04;8.0;13.0;17.0;16.0;10.0;20.0;20.0;37.0;36.0;23.0;22.0;24.0;6.0;10.0;5.0;9.0;3.0;5.0;2.0;5.0;3.0;3.0;11.0;8.0
2020-05-05;14.0;12.0;8.0;19.0;26.0;29.0;26.0;23.0;31.0;25.0;27.0;16.0;8.0;1.0;3.0;5.0;4.0;1.0;1.0;6.0;3.0;7.0;7.0;5.0
2020-05-06;12.0;11.0;11.0;7.0;15.0;28.0;44.0;29.0;42.0;25.0;26.0;16.0;10.0;7.0;3.0;3.0;3.0;7.0;1.0;4.0;5.0;7.0;5.0;11.0
2020-05-07;10.0;7.0;17.0;10.0;14.0;31.0;24.0;34.0;46.0;36.0;13.0;11.0;8.0;6.0;3.0;2.0;2.0;1.0;4.0;11.0;3.0;2.0;3.0;6.0
2020-05-08;11.0;15.0;10.0;13.0;11.0;30.0;28.0;38.0;27.0;21.0;13.0;14.0;10.0;9.0;4.0;4.0;3.0;2.0;1.0;3.0;4.0;5.0;8.0;9.0
2020-05-09;7.0;14.0;8.0;13.0;10.0;15.0;26.0;29.0;30.0;20.0;15.0;16.0;4.0;7.0;4.0;5.0;3.0;2.0;2.0;1.0;3.0;2.0;3.0;4.0
2020-05-10;9.0;8.0;6.0;5.0;8.0;15.0;8.0;28.0;39.0;30.0;27.0;15.0;8.0;6.0;5.0;2.0;4.0;;1.0;3.0;3.0;10.0;6.0;14.0
2020-05-11;19.0;16.0;20.0;17.0;28.0;26.0;33.0;36.0;32.0;29.0;45.0;16.0;8.0;7.0;7.0;7.0;8.0;13.0;3.0;3.0;1.0;2.0;3.0;8.0
2020-05-12;11.0;16.0;9.0;15.0;23.0;24.0;17.0;26.0;46.0;36.0;31.0;24.0;12.0;2.0;2.0;3.0;2.0;1.0;2.0;3.0;2.0;2.0;;4.0
2020-05-13;7.0;9.0;5.0;10.0;6.0;15.0;10.0;17.0;25.0;43.0;22.0;19.0;5.0;11.0;7.0;4.0;18.0;;2.0;2.0;3.0;2.0;7.0;13.0
2020-05-14;15.0;17.0;10.0;8.0;5.0;12.0;7.0;17.0;15.0;16.0;5.0;10.0;10.0;15.0;42.0;32.0;5.0;6.0;5.0;;3.0;8.0;9.0;7.0
2020-05-15;18.0;19.0;18.0;18.0;17.0;12.0;22.0;33.0;25.0;39.0;23.0;21.0;8.0;3.0;5.0;;;2.0;2.0;3.0;1.0;3.0;7.0;4.0
2020-05-16;5.0;7.0;16.0;9.0;13.0;20.0;24.0;19.0;36.0;35.0;27.0;14.0;5.0;2.0;6.0;4.0;4.0;3.0;3.0;2.0;4.0;9.0;7.0;16.0
2020-05-17;8.0;16.0;19.0;18.0;25.0;25.0;31.0;26.0;41.0;34.0;23.0;18.0;10.0;6.0;4.0;3.0;1.0;;3.0;2.0;4.0;1.0;3.0;5.0
2020-05-18;6.0;11.0;10.0;7.0;13.0;22.0;21.0;21.0;20.0;16.0;17.0;13.0;8.0;1.0;5.0;2.0;3.0;2.0;3.0;2.0;4.0;4.0;6.0;6.0
2020-05-19;11.0;15.0;9.0;18.0;10.0;18.0;19.0;22.0;25.0;32.0;26.0;12.0;5.0;6.0;4.0;5.0;1.0;5.0;1.0;7.0;6.0;4.0;6.0;8.0
2020-05-20;;9.0;18.0;13.0;13.0;13.0;18.0;27.0;21.0;28.0;35.0;11.0;3.0;5.0;3.0;8.0;5.0;1.0;3.0;1.0;6.0;3.0;10.0;10.0
2020-05-21;6.0;12.0;10.0;19.0;9.0;15.0;12.0;25.0;27.0;38.0;38.0;10.0;3.0;4.0;8.0;6.0;7.0;4.0;5.0;2.0;;6.0;9.0;12.0
2020-05-22;7.0;11.0;10.0;15.0;11.0;14.0;21.0;17.0;19.0;29.0;21.0;8.0;2.0;3.0;9.0;1.0;8.0;9.0;3.0;6.0;1.0;5.0;;
2020-05-23;;;;;;;;;14.0;25.0;26.0;7.0;5.0;;6.0;2.0;8.0;2.0;1.0;2.0;5.0;3.0;9.0;10.0
2020-05-24;10.0;6.0;13.0;18.0;13.0;17.0;21.0;30.0;16.0;32.0;28.0;12.0;2.0;2.0;1.0;5.0;4.0;2.0;1.0;3.0;2.0;4.0;6.0;7.0
2020-05-25;10.0;13.0;11.0;16.0;8.0;14.0;19.0;21.0;24.0;15.0;18.0;6.0;3.0;2.0;1.0;7.0;10.0;11.0;3.0;5.0;3.0;3.0;6.0;12.0
2020-05-26;13.0;17.0;18.0;14.0;13.0;19.0;18.0;21.0;26.0;16.0;18.0;10.0;8.0;6.0;6.0;3.0;1.0;1.0;5.0;;2.0;3.0;7.0;9.0
2020-05-27;10.0;17.0;16.0;8.0;6.0;15.0;24.0;26.0;17.0;19.0;13.0;6.0;4.0;4.0;4.0;7.0;3.0;;;4.0;4.0;6.0;4.0;9.0
2020-05-28;15.0;21.0;19.0;14.0;21.0;22.0;21.0;24.0;26.0;28.0;17.0;13.0;3.0;7.0;;1.0;1.0;1.0;;2.0;4.0;2.0;3.0;8.0
2020-05-29;7.0;11.0;12.0;9.0;12.0;13.0;21.0;23.0;27.0;19.0;23.0;13.0;2.0;3.0;3.0;26.0;63.0;57.0;3.0;10.0;2.0;9.0;9.0;8.0
2020-05-30;11.0;9.0;15.0;17.0;17.0;14.0;24.0;28.0;24.0;21.0;13.0;7.0;;5.0;4.0;3.0;28.0;2.0;3.0;;1.0;5.0;5.0;12.0
2020-05-31;12.0;14.0;11.0;14.0;11.0;20.0;19.0;27.0;19.0;20.0;21.0;30.0;9.0;3.0;2.0;10.0;7.0;24.0;5.0;2.0;4.0;5.0;13.0;9.0
2020-06-01;18.0;20.0;21.0;16.0;22.0;36.0;29.0;28.0;57.0;43.0;34.0;27.0;6.0;3.0;1.0;21.0;4.0;2.0;2.0;2.0;1.0;5.0;5.0;8.0
2020-06-02;11.0;14.0;13.0;14.0;13.0;29.0;24.0;29.0;34.0;42.0;23.0;12.0;6.0;2.0;2.0;1.0;1.0;1.0;14.0;4.0;3.0;5.0;6.0;4.0
2020-06-03;10.0;17.0;9.0;7.0;15.0;23.0;39.0;22.0;24.0;30.0;17.0;16.0;13.0;10.0;4.0;7.0;3.0;3.0;2.0;2.0;5.0;5.0;7.0;11.0
2020-06-04;19.0;21.0;14.0;11.0;16.0;22.0;27.0;21.0;11.0;32.0;25.0;12.0;5.0;12.0;5.0;5.0;6.0;4.0;4.0;5.0;6.0;6.0;8.0;9.0
2020-06-05;16.0;23.0;20.0;22.0;27.0;33.0;43.0;42.0;42.0;42.0;22.0;11.0;12.0;8.0;8.0;3.0;4.0;;1.0;4.0;5.0;7.0;6.0;8.0
2020-06-06;8.0;13.0;3.0;18.0;28.0;23.0;43.0;48.0;38.0;32.0;33.0;17.0;14.0;5.0;11.0;6.0;4.0;3.0;4.0;5.0;5.0;5.0;10.0;3.0
2020-06-07;11.0;13.0;11.0;13.0;26.0;33.0;38.0;37.0;29.0;35.0;7.0;16.0;10.0;4.0;5.0;12.0;2.0;4.0;2.0;7.0;6.0;3.0;6.0;9.0
2020-06-08;12.0;14.0;13.0;26.0;23.0;41.0;38.0;55.0;52.0;41.0;20.0;10.0;7.0;10.0;9.0;16.0;6.0;2.0;1.0;;5.0;5.0;7.0;5.0
2020-06-09;11.0;17.0;13.0;29.0;32.0;36.0;51.0;51.0;53.0;33.0;14.0;8.0;7.0;8.0;14.0;7.0;12.0;2.0;2.0;2.0;7.0;4.0;5.0;11.0
2020-06-10;12.0;19.0;29.0;32.0;41.0;48.0;53.0;55.0;59.0;27.0;22.0;16.0;26.0;28.0;23.0;17.0;16.0;9.0;7.0;2.0;7.0;13.0;9.0;10.0
2020-06-11;8.0;28.0;25.0;29.0;32.0;51.0;59.0;65.0;57.0;41.0;22.0;13.0;17.0;26.0;26.0;6.0;4.0;4.0;1.0;6.0;3.0;6.0;8.0;9.0
2020-06-12;;;;;;;;;;;6.0;19.0;32.0;39.0;34.0;24.0;12.0;13.0;15.0;5.0;6.0;6.0;4.0;10.0
2020-06-13;12.0;20.0;17.0;40.0;65.0;80.0;101.0;120.0;107.0;101.0;56.0;37.0;39.0;35.0;29.0;40.0;23.0;9.0;13.0;5.0;10.0;12.0;13.0;17.0
2020-06-14;25.0;31.0;23.0;49.0;63.0;113.0;85.0;100.0;89.0;34.0;20.0;21.0;18.0;29.0;31.0;12.0;9.0;7.0;10.0;8.0;4.0;12.0;11.0;13.0
2020-06-15;18.0;26.0;20.0;29.0;57.0;54.0;65.0;86.0;57.0;29.0;;20.0;22.0;23.0;26.0;22.0;15.0;10.0;11.0;7.0;5.0;16.0;13.0;7.0
2020-06-16;10.0;12.0;20.0;18.0;32.0;42.0;43.0;40.0;38.0;31.0;31.0;12.0;23.0;31.0;25.0;12.0;11.0;2.0;3.0;7.0;5.0;7.0;11.0;20.0
2020-06-17;26.0;24.0;29.0;42.0;40.0;40.0;68.0;47.0;48.0;56.0;39.0;21.0;20.0;25.0;26.0;17.0;7.0;12.0;5.0;7.0;2.0;5.0;6.0;18.0
2020-07-25;51.0;69.0;57.0;50.0;39.0;43.0;25.0;32.0;21.0;34.0;34.0;32.0;9.0;7.0;2.0;5.0;11.0;13.0;19.0;6.0;11.0;22.0;23.0;26.0
2020-07-26;31.0;43.0;46.0;60.0;45.0;40.0;39.0;23.0;35.0;24.0;24.0;22.0;4.0;15.0;19.0;7.0;8.0;13.0;7.0;10.0;11.0;5.0;22.0;32.0
2020-07-27;59.0;65.0;63.0;47.0;47.0;34.0;34.0;27.0;;;;;1.0;18.0;20.0;17.0;9.0;13.0;8.0;11.0;13.0;15.0;16.0;33.0
2020-07-28;38.0;54.0;74.0;61.0;39.0;53.0;24.0;29.0;20.0;31.0;35.0;22.0;20.0;8.0;11.0;6.0;4.0;7.0;6.0;1.0;8.0;25.0;28.0;49.0
2020-07-29;48.0;72.0;58.0;66.0;43.0;31.0;27.0;37.0;33.0;33.0;30.0;13.0;3.0;13.0;7.0;18.0;12.0;11.0;11.0;11.0;9.0;8.0;28.0;40.0
2020-07-30;51.0;64.0;64.0;40.0;42.0;32.0;31.0;31.0;25.0;26.0;22.0;13.0;9.0;3.0;6.0;21.0;14.0;11.0;10.0;8.0;7.0;16.0;32.0;33.0
2020-07-31;40.0;62.0;39.0;61.0;36.0;13.0;;;;;;;;;;;;;;;;;;
2020-08-02;;;;;;;;;;;;;3.0;8.0;4.0;8.0;4.0;3.0;8.0;11.0;13.0;22.0;27.0;21.0
2020-08-03;36.0;53.0;48.0;47.0;28.0;41.0;26.0;27.0;31.0;16.0;22.0;21.0;7.0;26.0;18.0;11.0;13.0;7.0;3.0;12.0;15.0;11.0;12.0;41.0
2020-08-04;38.0;45.0;33.0;28.0;35.0;25.0;30.0;32.0;28.0;20.0;15.0;27.0;16.0;12.0;13.0;11.0;16.0;31.0;8.0;15.0;14.0;19.0;25.0;21.0
2020-08-05;25.0;20.0;36.0;31.0;32.0;22.0;31.0;27.0;32.0;23.0;18.0;21.0;24.0;18.0;3.0;3.0;15.0;6.0;11.0;5.0;7.0;10.0;33.0;37.0
2020-08-06;49.0;37.0;47.0;26.0;38.0;29.0;38.0;44.0;25.0;28.0;31.0;30.0;24.0;8.0;14.0;15.0;12.0;11.0;18.0;10.0;7.0;5.0;22.0;27.0
2020-08-07;21.0;45.0;42.0;33.0;37.0;28.0;28.0;37.0;28.0;27.0;25.0;9.0;12.0;13.0;23.0;13.0;13.0;11.0;15.0;13.0;11.0;6.0;25.0;35.0
2020-08-08;39.0;44.0;47.0;45.0;28.0;45.0;35.0;41.0;45.0;36.0;29.0;27.0;21.0;17.0;14.0;10.0;6.0;5.0;6.0;5.0;9.0;9.0;18.0;34.0
2020-08-09;31.0;46.0;38.0;34.0;37.0;41.0;41.0;43.0;47.0;33.0;33.0;8.0;3.0;8.0;18.0;8.0;14.0;13.0;8.0;7.0;5.0;9.0;27.0;34.0
2020-08-10;33.0;45.0;31.0;34.0;37.0;37.0;54.0;73.0;75.0;71.0;54.0;55.0;41.0;43.0;28.0;36.0;33.0;13.0;23.0;18.0;19.0;36.0;55.0;52.0
2020-08-11;54.0;60.0;87.0;74.0;74.0;95.0;80.0;76.0;83.0;57.0;43.0;42.0;32.0;19.0;21.0;30.0;13.0;13.0;18.0;11.0;25.0;27.0;64.0;83.0
2020-08-12;62.0;81.0;92.0;84.0;76.0;98.0;88.0;105.0;86.0;72.0;79.0;71.0;52.0;64.0;23.0;27.0;26.0;21.0;22.0;24.0;32.0;41.0;38.0;37.0
2020-08-13;30.0;51.0;38.0;47.0;41.0;56.0;70.0;65.0;60.0;66.0;52.0;43.0;37.0;21.0;20.0;25.0;19.0;30.0;13.0;11.0;11.0;25.0;27.0;32.0
2020-08-14;40.0;51.0;34.0;33.0;34.0;41.0;45.0;40.0;34.0;38.0;24.0;15.0;;;;;7.0;14.0;10.0;7.0;14.0;15.0;19.0;26.0
2020-08-15;25.0;32.0;26.0;26.0;19.0;30.0;26.0;32.0;27.0;37.0;29.0;19.0;20.0;9.0;18.0;8.0;9.0;8.0;10.0;7.0;10.0;7.0;15.0;16.0
2020-08-16;28.0;36.0;37.0;27.0;23.0;28.0;33.0;38.0;28.0;23.0;10.0;9.0;15.0;9.0;7.0;7.0;7.0;6.0;12.0;4.0;10.0;10.0;15.0;14.0
2020-08-17;22.0;34.0;21.0;16.0;26.0;29.0;37.0;35.0;25.0;20.0;19.0;7.0;5.0;8.0;13.0;8.0;6.0;14.0;11.0;5.0;10.0;11.0;14.0;17.0
2020-08-18;24.0;26.0;25.0;20.0;24.0;34.0;36.0;21.0;19.0;20.0;12.0;11.0;17.0;14.0;18.0;15.0;12.0;9.0;9.0;11.0;14.0;14.0;12.0;20.0
2020-08-19;18.0;28.0;25.0;17.0;17.0;21.0;18.0;33.0;17.0;22.0;20.0;21.0;13.0;15.0;15.0;11.0;12.0;12.0;18.0;15.0;7.0;18.0;9.0;18.0
2020-08-20;27.0;29.0;28.0;12.0;26.0;23.0;20.0;23.0;28.0;23.0;20.0;13.0;16.0;15.0;9.0;12.0;9.0;10.0;5.0;5.0;6.0;12.0;15.0;20.0
2020-08-21;29.0;31.0;22.0;22.0;26.0;19.0;23.0;22.0;26.0;31.0;17.0;23.0;18.0;17.0;19.0;10.0;9.0;9.0;4.0;9.0;13.0;13.0;23.0;14.0
2020-08-22;11.0;25.0;23.0;21.0;19.0;20.0;24.0;19.0;22.0;23.0;11.0;15.0;13.0;14.0;10.0;13.0;15.0;13.0;8.0;8.0;13.0;11.0;11.0;28.0
2020-08-23;22.0;23.0;21.0;16.0;18.0;21.0;31.0;24.0;20.0;28.0;22.0;19.0;10.0;10.0;15.0;15.0;10.0;4.0;11.0;9.0;11.0;16.0;17.0;15.0
2020-08-24;14.0;22.0;27.0;12.0;20.0;24.0;23.0;29.0;21.0;13.0;14.0;19.0;12.0;6.0;7.0;12.0;4.0;6.0;7.0;6.0;6.0;19.0;15.0;12.0
2020-08-25;24.0;27.0;22.0;22.0;25.0;21.0;22.0;23.0;24.0;22.0;17.0;18.0;12.0;11.0;6.0;2.0;2.0;8.0;2.0;4.0;15.0;19.0;15.0;19.0
2020-08-26;23.0;22.0;23.0;18.0;29.0;29.0;24.0;22.0;20.0;20.0;25.0;17.0;9.0;5.0;3.0;9.0;4.0;5.0;6.0;6.0;23.0;15.0;11.0;24.0
2020-08-27;28.0;18.0;33.0;25.0;31.0;34.0;17.0;10.0;33.0;25.0;27.0;24.0;7.0;6.0;11.0;11.0;9.0;12.0;9.0;3.0;15.0;12.0;16.0;29.0
2020-08-28;29.0;22.0;25.0;15.0;18.0;21.0;22.0;26.0;25.0;20.0;21.0;17.0;13.0;11.0;10.0;5.0;10.0;6.0;6.0;8.0;8.0;9.0;13.0;14.0
2020-08-29;26.0;33.0;29.0;11.0;24.0;29.0;31.0;16.0;20.0;24.0;22.0;23.0;9.0;13.0;10.0;7.0;12.0;6.0;4.0;7.0;11.0;16.0;29.0;18.0
2020-08-30;22.0;18.0;26.0;25.0;25.0;23.0;26.0;23.0;20.0;23.0;24.0;12.0;12.0;5.0;7.0;6.0;3.0;8.0;4.0;5.0;6.0;13.0;12.0;9.0
2020-08-31;23.0;21.0;;;21.0;28.0;18.0;29.0;29.0;24.0;19.0;15.0;12.0;3.0;5.0;10.0;4.0;4.0;4.0;4.0;6.0;4.0;8.0;26.0
2020-09-01;17.0;32.0;23.0;22.0;20.0;16.0;26.0;20.0;29.0;26.0;22.0;14.0;10.0;10.0;9.0;10.0;10.0;11.0;9.0;8.0;11.0;9.0;12.0;16.0
2020-09-02;18.0;21.0;24.0;17.0;16.0;9.0;19.0;16.0;17.0;14.0;13.0;24.0;13.0;6.0;7.0;11.0;7.0;11.0;4.0;4.0;12.0;20.0;15.0;18.0
2020-09-03;13.0;26.0;14.0;11.0;16.0;14.0;16.0;13.0;7.0;16.0;14.0;16.0;16.0;13.0;14.0;11.0;6.0;10.0;8.0;14.0;15.0;12.0;16.0;13.0
2020-09-04;14.0;12.0;23.0;21.0;13.0;12.0;14.0;24.0;14.0;19.0;13.0;18.0;15.0;8.0;15.0;11.0;9.0;8.0;15.0;6.0;15.0;15.0;14.0;12.0
2020-09-05;17.0;21.0;13.0;12.0;17.0;18.0;14.0;17.0;14.0;28.0;20.0;15.0;4.0;8.0;12.0;12.0;11.0;7.0;8.0;12.0;13.0;16.0;16.0;20.0
2020-09-06;15.0;26.0;17.0;14.0;10.0;16.0;9.0;19.0;15.0;21.0;10.0;31.0;7.0;14.0;4.0;9.0;24.0;2.0;9.0;8.0;11.0;18.0;15.0;22.0
2020-09-07;28.0;16.0;4.0;10.0;16.0;18.0;10.0;13.0;12.0;12.0;11.0;15.0;9.0;7.0;11.0;4.0;24.0;10.0;14.0;2.0;6.0;20.0;13.0;20.0
2020-09-09;;;;;;;;;;;;;;;;;;8.0;;;;;;
2020-09-01;;;;;;;;;;4.0;13.0;14.0;7.0;8.0;3.0;2.0;5.0;6.0;1.0;1.0;5.0;9.0;6.0;9.0
2020-09-01;13.0;17.0;8.0;18.0;4.0;9.0;18.0;10.0;9.0;21.0;17.0;6.0;3.0;9.0;3.0;7.0;7.0;8.0;14.0;7.0;10.0;8.0;17.0;11.0
2020-09-01;16.0;11.0;9.0;8.0;13.0;7.0;20.0;11.0;14.0;13.0;8.0;7.0;1.0;5.0;6.0;4.0;10.0;7.0;9.0;5.0;2.0;9.0;11.0;15.0
2020-09-01;11.0;11.0;20.0;15.0;13.0;11.0;9.0;17.0;16.0;15.0;14.0;9.0;7.0;3.0;1.0;10.0;4.0;7.0;3.0;3.0;6.0;12.0;17.0;17.0
2020-09-01;17.0;13.0;14.0;13.0;11.0;8.0;13.0;16.0;22.0;14.0;13.0;8.0;7.0;6.0;5.0;8.0;;;6.0;4.0;8.0;7.0;9.0;10.0
2020-09-01;10.0;15.0;14.0;19.0;13.0;16.0;21.0;12.0;1.0;;8.0;7.0;1.0;;;;1.0;4.0;4.0;7.0;9.0;12.0;19.0;19.0
2020-09-01;15.0;18.0;23.0;11.0;14.0;16.0;2.0;;;1.0;;;;;;;1.0;2.0;2.0;2.0;8.0;8.0;8.0;9.0
2020-09-01;4.0;14.0;15.0;10.0;11.0;8.0;;;;;;;;;;;;;2.0;3.0;3.0;8.0;6.0;9.0
2020-09-01;3.0;8.0;6.0;5.0;7.0;6.0;5.0;7.0;19.0;4.0;6.0;6.0;2.0;5.0;3.0;7.0;2.0;3.0;4.0;4.0;2.0;3.0;4.0;6.0
2020-09-01;10.0;6.0;7.0;3.0;3.0;4.0;9.0;3.0;13.0;7.0;10.0;10.0;5.0;7.0;6.0;6.0;5.0;11.0;2.0;9.0;4.0;5.0;12.0;16.0
2020-09-02;7.0;13.0;11.0;7.0;7.0;3.0;10.0;13.0;23.0;15.0;11.0;6.0;16.0;4.0;3.0;2.0;11.0;5.0;4.0;;2.0;5.0;6.0;7.0
2020-09-02;13.0;9.0;6.0;3.0;6.0;17.0;7.0;6.0;13.0;7.0;6.0;9.0;10.0;2.0;3.0;2.0;3.0;5.0;1.0;5.0;3.0;5.0;8.0;7.0
2020-09-02;7.0;4.0;7.0;7.0;5.0;9.0;14.0;7.0;6.0;11.0;5.0;10.0;5.0;3.0;6.0;;5.0;6.0;7.0;4.0;10.0;12.0;9.0;12.0
2020-09-02;11.0;22.0;6.0;8.0;12.0;8.0;15.0;12.0;8.0;18.0;21.0;17.0;15.0;3.0;9.0;5.0;8.0;6.0;6.0;4.0;10.0;9.0;9.0;13.0
2020-09-02;7.0;13.0;9.0;14.0;15.0;12.0;9.0;9.0;10.0;5.0;10.0;12.0;9.0;13.0;7.0;10.0;6.0;5.0;9.0;7.0;11.0;10.0;12.0;15.0
2020-09-02;15.0;16.0;9.0;11.0;7.0;15.0;21.0;18.0;17.0;12.0;8.0;11.0;10.0;5.0;6.0;4.0;1.0;8.0;6.0;6.0;13.0;12.0;12.0;4.0
2020-09-02;10.0;17.0;12.0;7.0;14.0;18.0;22.0;15.0;13.0;17.0;18.0;12.0;10.0;6.0;7.0;4.0;5.0;8.0;5.0;2.0;6.0;10.0;12.0;16.0
2020-09-02;7.0;7.0;11.0;14.0;11.0;11.0;12.0;17.0;7.0;12.0;13.0;13.0;10.0;10.0;7.0;7.0;1.0;6.0;3.0;4.0;5.0;8.0;6.0;9.0
2020-09-02;18.0;9.0;12.0;11.0;11.0;12.0;12.0;14.0;13.0;15.0;8.0;8.0;6.0;8.0;14.0;5.0;5.0;5.0;9.0;7.0;8.0;9.0;13.0;14.0
2020-09-02;11.0;15.0;10.0;12.0;9.0;8.0;8.0;15.0;17.0;10.0;5.0;6.0;14.0;11.0;4.0;8.0;;17.0;3.0;2.0;8.0;7.0;3.0;11.0
2020-09-03;13.0;6.0;8.0;9.0;6.0;17.0;17.0;12.0;18.0;19.0;15.0;8.0;14.0;4.0;5.0;9.0;5.0;4.0;11.0;8.0;9.0;9.0;11.0;10.0
2020-10-01;20.0;13.0;8.0;9.0;10.0;16.0;5.0;15.0;13.0;10.0;14.0;14.0;15.0;12.0;10.0;6.0;9.0;3.0;5.0;3.0;5.0;12.0;11.0;22.0
2020-10-02;12.0;9.0;9.0;10.0;6.0;12.0;15.0;10.0;18.0;18.0;14.0;9.0;14.0;11.0;10.0;11.0;4.0;7.0;4.0;8.0;9.0;10.0;19.0;15.0
2020-10-03;12.0;7.0;12.0;12.0;6.0;13.0;10.0;19.0;20.0;13.0;13.0;10.0;6.0;13.0;2.0;8.0;4.0;5.0;4.0;2.0;5.0;6.0;9.0;16.0
2020-10-04;10.0;21.0;16.0;7.0;16.0;10.0;20.0;5.0;21.0;17.0;18.0;18.0;13.0;7.0;15.0;9.0;5.0;9.0;3.0;11.0;3.0;7.0;11.0;11.0
2020-10-05;10.0;11.0;5.0;6.0;9.0;18.0;14.0;15.0;16.0;20.0;10.0;6.0;11.0;15.0;11.0;3.0;11.0;3.0;6.0;8.0;12.0;6.0;6.0;15.0
2020-10-06;7.0;8.0;11.0;6.0;10.0;13.0;20.0;12.0;16.0;9.0;21.0;5.0;13.0;6.0;9.0;11.0;4.0;5.0;7.0;8.0;11.0;12.0;11.0;10.0
2020-10-07;11.0;14.0;7.0;10.0;10.0;6.0;8.0;14.0;8.0;14.0;15.0;14.0;10.0;10.0;7.0;2.0;4.0;6.0;6.0;11.0;9.0;11.0;5.0;17.0
2020-10-08;15.0;10.0;11.0;6.0;8.0;12.0;8.0;13.0;10.0;19.0;10.0;9.0;7.0;8.0;8.0;4.0;3.0;4.0;4.0;5.0;10.0;14.0;17.0;14.0
2020-10-09;17.0;10.0;6.0;13.0;13.0;4.0;10.0;10.0;12.0;13.0;13.0;14.0;9.0;11.0;8.0;11.0;12.0;7.0;;6.0;9.0;11.0;17.0;8.0
2020-10-10;18.0;13.0;10.0;4.0;10.0;11.0;10.0;9.0;16.0;7.0;7.0;7.0;11.0;5.0;13.0;4.0;8.0;16.0;10.0;3.0;14.0;13.0;13.0;17.0
2020-10-11;17.0;13.0;6.0;19.0;14.0;11.0;10.0;10.0;11.0;26.0;38.0;8.0;8.0;8.0;5.0;4.0;6.0;13.0;10.0;7.0;6.0;8.0;10.0;17.0
2020-10-12;17.0;14.0;8.0;13.0;16.0;18.0;17.0;16.0;12.0;10.0;7.0;13.0;9.0;11.0;7.0;5.0;6.0;3.0;5.0;7.0;6.0;5.0;13.0;16.0
2020-10-13;13.0;14.0;16.0;13.0;12.0;16.0;9.0;12.0;10.0;14.0;8.0;8.0;8.0;8.0;6.0;9.0;5.0;4.0;4.0;7.0;7.0;11.0;14.0;11.0
2020-10-14;16.0;6.0;5.0;5.0;15.0;13.0;7.0;9.0;4.0;17.0;16.0;9.0;9.0;7.0;5.0;3.0;4.0;8.0;11.0;9.0;7.0;4.0;12.0;17.0
2020-10-15;11.0;15.0;14.0;20.0;11.0;17.0;11.0;10.0;7.0;8.0;14.0;11.0;11.0;4.0;5.0;3.0;5.0;5.0;8.0;7.0;14.0;8.0;11.0;12.0
2020-10-16;10.0;12.0;12.0;16.0;12.0;17.0;13.0;13.0;13.0;8.0;12.0;5.0;9.0;11.0;8.0;6.0;2.0;2.0;5.0;4.0;9.0;10.0;9.0;12.0
2020-10-17;30.0;12.0;14.0;6.0;12.0;16.0;13.0;11.0;7.0;14.0;9.0;9.0;10.0;7.0;6.0;3.0;7.0;5.0;5.0;10.0;8.0;12.0;23.0;7.0
2020-10-18;10.0;9.0;10.0;12.0;13.0;11.0;16.0;10.0;13.0;12.0;9.0;10.0;8.0;6.0;9.0;6.0;5.0;5.0;6.0;6.0;7.0;15.0;11.0;20.0
2020-10-19;15.0;11.0;19.0;13.0;13.0;16.0;14.0;7.0;17.0;9.0;7.0;6.0;;;;;;;;;;;;
2020-10-20;;;;;;;;;;;;8.0;4.0;3.0;2.0;3.0;2.0;1.0;6.0;4.0;4.0;7.0;8.0;16.0
2020-10-21;11.0;13.0;6.0;5.0;14.0;10.0;21.0;17.0;5.0;13.0;5.0;1.0;5.0;4.0;6.0;4.0;7.0;4.0;3.0;4.0;11.0;10.0;17.0;14.0
2020-10-22;8.0;15.0;10.0;8.0;13.0;14.0;7.0;8.0;11.0;11.0;5.0;10.0;7.0;12.0;4.0;6.0;7.0;5.0;3.0;12.0;6.0;9.0;9.0;10.0
2020-10-23;9.0;19.0;11.0;14.0;20.0;11.0;9.0;12.0;7.0;9.0;14.0;4.0;9.0;8.0;7.0;10.0;3.0;3.0;4.0;3.0;12.0;2.0;10.0;19.0
2020-10-24;16.0;20.0;15.0;13.0;17.0;15.0;11.0;17.0;15.0;17.0;10.0;9.0;7.0;5.0;5.0;3.0;2.0;3.0;8.0;6.0;9.0;16.0;17.0;28.0
2020-10-25;25.0;13.0;14.0;12.0;11.0;10.0;12.0;18.0;12.0;15.0;15.0;13.0;9.0;4.0;6.0;3.0;5.0;3.0;4.0;6.0;10.0;13.0;14.0;16.0
2020-10-26;5.0;5.0;5.0;10.0;16.0;19.0;13.0;19.0;12.0;13.0;11.0;10.0;9.0;8.0;3.0;8.0;4.0;5.0;2.0;7.0;16.0;8.0;11.0;17.0
2020-10-27;10.0;10.0;13.0;15.0;13.0;11.0;14.0;16.0;3.0;;2.0;;;;;;4.0;4.0;3.0;9.0;12.0;10.0;9.0;21.0
2020-10-28;13.0;11.0;15.0;17.0;11.0;8.0;12.0;11.0;3.0;;4.0;1.0;1.0;;;;2.0;6.0;7.0;8.0;12.0;11.0;13.0;11.0
2020-10-29;14.0;10.0;11.0;10.0;12.0;11.0;9.0;6.0;11.0;;10.0;7.0;6.0;2.0;5.0;7.0;6.0;4.0;4.0;12.0;15.0;10.0;11.0;21.0
2020-10-30;14.0;15.0;9.0;7.0;13.0;10.0;6.0;9.0;9.0;7.0;16.0;8.0;8.0;7.0;6.0;5.0;4.0;7.0;6.0;5.0;9.0;12.0;17.0;14.0
2020-10-31;9.0;12.0;11.0;8.0;9.0;10.0;9.0;12.0;8.0;16.0;9.0;8.0;5.0;6.0;5.0;5.0;10.0;8.0;5.0;7.0;9.0;11.0;15.0;12.0
2020-11-01;10.0;12.0;12.0;4.0;15.0;13.0;10.0;17.0;7.0;15.0;11.0;11.0;8.0;7.0;2.0;4.0;4.0;12.0;7.0;6.0;12.0;12.0;9.0;16.0
2020-11-02;18.0;11.0;7.0;12.0;8.0;14.0;13.0;7.0;18.0;13.0;16.0;7.0;9.0;11.0;4.0;9.0;8.0;3.0;5.0;10.0;4.0;6.0;17.0;13.0
2020-11-03;10.0;9.0;8.0;12.0;13.0;17.0;10.0;8.0;5.0;4.0;10.0;5.0;5.0;10.0;7.0;3.0;4.0;2.0;6.0;10.0;7.0;6.0;9.0;13.0
2020-11-04;8.0;6.0;13.0;17.0;11.0;18.0;11.0;10.0;15.0;21.0;11.0;9.0;10.0;3.0;5.0;8.0;3.0;3.0;5.0;2.0;4.0;7.0;12.0;14.0
2020-11-05;13.0;6.0;6.0;3.0;18.0;16.0;7.0;9.0;6.0;3.0;4.0;3.0;6.0;6.0;5.0;3.0;3.0;8.0;5.0;5.0;3.0;10.0;14.0;11.0
2020-11-06;10.0;4.0;6.0;5.0;13.0;13.0;19.0;8.0;11.0;14.0;12.0;7.0;8.0;7.0;6.0;2.0;8.0;5.0;10.0;11.0;8.0;15.0;11.0;11.0
2020-11-07;8.0;5.0;8.0;1.0;10.0;8.0;2.0;4.0;6.0;9.0;6.0;8.0;7.0;8.0;5.0;3.0;7.0;8.0;16.0;8.0;13.0;13.0;11.0;22.0
2020-11-08;13.0;9.0;9.0;9.0;10.0;9.0;3.0;13.0;9.0;18.0;9.0;10.0;8.0;8.0;7.0;5.0;9.0;7.0;5.0;9.0;9.0;8.0;9.0;15.0
2020-11-09;12.0;10.0;11.0;9.0;5.0;11.0;4.0;5.0;6.0;2.0;3.0;5.0;3.0;3.0;8.0;5.0;5.0;6.0;8.0;8.0;10.0;14.0;18.0;16.0
2020-11-10;14.0;9.0;5.0;5.0;14.0;11.0;7.0;10.0;2.0;17.0;11.0;9.0;8.0;10.0;6.0;5.0;6.0;3.0;4.0;8.0;8.0;13.0;25.0;14.0
2020-11-11;12.0;7.0;11.0;9.0;10.0;10.0;10.0;10.0;20.0;12.0;14.0;9.0;12.0;9.0;5.0;3.0;2.0;8.0;10.0;11.0;4.0;10.0;12.0;20.0
2020-11-12;10.0;8.0;10.0;13.0;14.0;11.0;13.0;18.0;8.0;14.0;11.0;18.0;5.0;11.0;4.0;12.0;6.0;5.0;9.0;11.0;6.0;16.0;19.0;16.0
2020-11-13;7.0;14.0;13.0;13.0;15.0;15.0;11.0;3.0;13.0;13.0;7.0;6.0;14.0;8.0;7.0;3.0;1.0;7.0;3.0;10.0;15.0;16.0;12.0;12.0
2020-11-14;20.0;11.0;8.0;13.0;12.0;9.0;15.0;11.0;4.0;3.0;6.0;3.0;6.0;3.0;4.0;2.0;;2.0;3.0;4.0;4.0;9.0;4.0;6.0
2020-11-15;7.0;3.0;2.0;8.0;2.0;8.0;15.0;4.0;1.0;8.0;4.0;9.0;4.0;2.0;2.0;9.0;6.0;3.0;7.0;14.0;13.0;17.0;15.0;10.0
2020-11-16;8.0;12.0;27.0;12.0;12.0;11.0;28.0;10.0;11.0;11.0;13.0;7.0;10.0;3.0;8.0;4.0;8.0;8.0;8.0;6.0;9.0;11.0;17.0;9.0
2020-11-17;21.0;10.0;10.0;12.0;5.0;17.0;11.0;11.0;11.0;10.0;7.0;11.0;5.0;6.0;5.0;4.0;2.0;3.0;6.0;;8.0;9.0;6.0;2.0
2020-11-18;7.0;3.0;12.0;6.0;14.0;5.0;14.0;18.0;8.0;3.0;;3.0;6.0;6.0;3.0;8.0;1.0;8.0;5.0;9.0;7.0;12.0;11.0;7.0
2020-11-19;9.0;11.0;6.0;15.0;9.0;8.0;7.0;7.0;7.0;9.0;14.0;20.0;10.0;9.0;11.0;10.0;5.0;11.0;8.0;8.0;17.0;16.0;11.0;9.0
2020-11-20;16.0;12.0;21.0;9.0;20.0;17.0;26.0;18.0;10.0;10.0;22.0;15.0;14.0;12.0;13.0;13.0;5.0;9.0;10.0;7.0;8.0;17.0;17.0;13.0
2020-11-21;17.0;19.0;17.0;15.0;19.0;18.0;11.0;10.0;11.0;18.0;15.0;12.0;13.0;5.0;12.0;5.0;7.0;8.0;6.0;10.0;9.0;12.0;21.0;17.0
2020-11-22;16.0;11.0;18.0;14.0;8.0;9.0;18.0;8.0;15.0;19.0;15.0;15.0;11.0;9.0;4.0;7.0;4.0;6.0;4.0;8.0;12.0;14.0;19.0;12.0
2020-11-23;11.0;12.0;7.0;15.0;8.0;14.0;11.0;10.0;10.0;14.0;14.0;12.0;13.0;6.0;6.0;4.0;8.0;8.0;12.0;5.0;10.0;12.0;5.0;12.0
2020-11-24;8.0;8.0;16.0;8.0;10.0;13.0;9.0;7.0;9.0;15.0;13.0;13.0;22.0;14.0;5.0;7.0;8.0;5.0;8.0;11.0;9.0;14.0;18.0;27.0
2020-11-25;19.0;14.0;13.0;11.0;12.0;16.0;13.0;17.0;8.0;11.0;18.0;9.0;15.0;7.0;9.0;9.0;3.0;8.0;7.0;4.0;6.0;4.0;7.0;11.0
2020-11-26;10.0;7.0;7.0;12.0;12.0;10.0;10.0;10.0;16.0;15.0;8.0;9.0;8.0;4.0;1.0;2.0;1.0;1.0;4.0;16.0;17.0;7.0;8.0;17.0
2020-11-27;19.0;18.0;8.0;20.0;14.0;16.0;16.0;15.0;13.0;14.0;17.0;20.0;8.0;10.0;6.0;3.0;4.0;2.0;6.0;10.0;9.0;11.0;7.0;17.0
2020-11-28;13.0;11.0;10.0;11.0;4.0;5.0;4.0;9.0;6.0;7.0;12.0;18.0;12.0;13.0;6.0;11.0;11.0;5.0;16.0;14.0;17.0;14.0;21.0;28.0
2020-11-29;13.0;13.0;14.0;13.0;15.0;18.0;10.0;11.0;15.0;12.0;18.0;21.0;9.0;17.0;5.0;7.0;8.0;10.0;8.0;8.0;8.0;17.0;23.0;14.0
2020-11-30;24.0;15.0;13.0;17.0;17.0;16.0;24.0;14.0;14.0;10.0;12.0;10.0;14.0;10.0;12.0;11.0;8.0;12.0;9.0;17.0;9.0;14.0;26.0;18.0
2020-12-01;25.0;15.0;18.0;19.0;18.0;19.0;16.0;15.0;20.0;20.0;16.0;24.0;17.0;14.0;10.0;13.0;14.0;12.0;8.0;11.0;17.0;14.0;25.0;19.0
2020-12-02;14.0;15.0;19.0;19.0;18.0;18.0;12.0;22.0;20.0;22.0;10.0;11.0;16.0;10.0;8.0;2.0;6.0;8.0;6.0;7.0;13.0;11.0;11.0;20.0
2020-12-03;12.0;12.0;11.0;19.0;12.0;17.0;18.0;20.0;24.0;11.0;10.0;13.0;14.0;6.0;11.0;7.0;7.0;18.0;17.0;9.0;15.0;13.0;15.0;16.0
2020-12-04;10.0;11.0;10.0;11.0;8.0;9.0;5.0;9.0;12.0;19.0;10.0;16.0;15.0;13.0;7.0;11.0;7.0;24.0;11.0;8.0;13.0;13.0;15.0;16.0
2020-12-05;18.0;17.0;22.0;8.0;13.0;23.0;16.0;26.0;12.0;15.0;16.0;13.0;10.0;10.0;10.0;5.0;9.0;7.0;8.0;8.0;10.0;17.0;21.0;20.0
2020-12-06;15.0;15.0;11.0;20.0;19.0;16.0;17.0;9.0;13.0;16.0;11.0;11.0;11.0;16.0;13.0;7.0;6.0;7.0;9.0;7.0;8.0;10.0;12.0;12.0
2020-12-07;16.0;14.0;18.0;12.0;16.0;11.0;11.0;14.0;14.0;16.0;10.0;16.0;7.0;11.0;10.0;8.0;6.0;4.0;2.0;6.0;7.0;6.0;10.0;15.0
2020-12-08;15.0;5.0;7.0;6.0;11.0;8.0;16.0;14.0;20.0;18.0;10.0;6.0;12.0;10.0;7.0;8.0;6.0;4.0;12.0;11.0;10.0;13.0;14.0;16.0
2020-12-09;14.0;15.0;12.0;12.0;11.0;16.0;6.0;8.0;15.0;17.0;10.0;11.0;15.0;7.0;8.0;7.0;3.0;3.0;7.0;7.0;16.0;19.0;23.0;16.0
2020-12-10;13.0;13.0;6.0;4.0;5.0;8.0;5.0;9.0;5.0;6.0;6.0;9.0;9.0;8.0;2.0;5.0;7.0;7.0;10.0;16.0;28.0;22.0;34.0;25.0
2020-12-11;16.0;6.0;12.0;10.0;11.0;14.0;10.0;6.0;5.0;4.0;8.0;1.0;7.0;6.0;7.0;4.0;5.0;3.0;11.0;18.0;43.0;37.0;35.0;35.0
2020-12-12;33.0;21.0;9.0;14.0;30.0;21.0;29.0;27.0;25.0;13.0;13.0;10.0;11.0;5.0;8.0;6.0;4.0;1.0;12.0;21.0;35.0;76.0;55.0;65.0
2020-12-13;42.0;39.0;9.0;23.0;48.0;45.0;35.0;48.0;30.0;15.0;7.0;10.0;8.0;9.0;4.0;;;;;;;;;
2020-12-14;;;;;;;;;;;6.0;1.0;7.0;12.0;4.0;7.0;7.0;10.0;7.0;13.0;20.0;25.0;22.0;17.0
2020-12-15;12.0;9.0;4.0;6.0;10.0;14.0;10.0;7.0;16.0;15.0;14.0;16.0;8.0;15.0;7.0;6.0;7.0;7.0;5.0;11.0;14.0;12.0;14.0;24.0
2020-12-16;21.0;25.0;18.0;20.0;23.0;16.0;17.0;15.0;15.0;15.0;16.0;17.0;15.0;10.0;12.0;9.0;10.0;5.0;5.0;10.0;3.0;2.0;11.0;10.0
2020-12-17;6.0;6.0;2.0;8.0;8.0;6.0;8.0;7.0;5.0;11.0;3.0;6.0;6.0;5.0;6.0;15.0;2.0;12.0;12.0;7.0;17.0;15.0;9.0;14.0
2020-12-18;8.0;18.0;19.0;12.0;15.0;16.0;18.0;16.0;13.0;9.0;18.0;14.0;9.0;5.0;5.0;9.0;10.0;2.0;4.0;11.0;11.0;10.0;18.0;17.0
2020-12-19;15.0;22.0;18.0;20.0;17.0;14.0;6.0;6.0;5.0;9.0;12.0;8.0;7.0;4.0;2.0;3.0;3.0;4.0;1.0;1.0;5.0;3.0;5.0;11.0
2020-12-20;5.0;4.0;6.0;4.0;7.0;8.0;7.0;6.0;14.0;8.0;6.0;13.0;11.0;10.0;8.0;7.0;7.0;11.0;8.0;7.0;10.0;10.0;13.0;9.0
2020-12-21;16.0;13.0;15.0;17.0;16.0;13.0;20.0;21.0;22.0;20.0;22.0;17.0;18.0;8.0;8.0;7.0;6.0;5.0;8.0;8.0;15.0;19.0;14.0;14.0
2020-12-22;15.0;24.0;9.0;16.0;18.0;22.0;25.0;20.0;16.0;23.0;21.0;14.0;15.0;14.0;6.0;12.0;7.0;10.0;4.0;8.0;5.0;9.0;5.0;9.0
2020-12-23;4.0;7.0;4.0;6.0;3.0;4.0;3.0;8.0;3.0;4.0;6.0;1.0;4.0;3.0;3.0;6.0;4.0;4.0;5.0;5.0;9.0;13.0;15.0;14.0
2020-12-24;9.0;18.0;18.0;21.0;13.0;12.0;9.0;8.0;13.0;5.0;3.0;6.0;6.0;7.0;5.0;3.0;6.0;6.0;3.0;6.0;6.0;9.0;8.0;17.0
2020-12-25;13.0;5.0;5.0;5.0;14.0;9.0;13.0;17.0;13.0;14.0;14.0;17.0;8.0;11.0;6.0;6.0;7.0;8.0;4.0;7.0;14.0;12.0;10.0;11.0
2020-12-26;9.0;10.0;17.0;25.0;19.0;16.0;25.0;22.0;26.0;15.0;13.0;9.0;13.0;9.0;10.0;5.0;5.0;5.0;2.0;9.0;13.0;13.0;18.0;11.0
2020-12-27;15.0;13.0;13.0;25.0;13.0;23.0;21.0;9.0;22.0;23.0;11.0;14.0;11.0;12.0;9.0;5.0;6.0;9.0;10.0;11.0;10.0;10.0;15.0;6.0
2020-12-28;14.0;18.0;11.0;17.0;13.0;8.0;14.0;12.0;18.0;14.0;13.0;8.0;9.0;9.0;6.0;6.0;4.0;5.0;4.0;3.0;5.0;13.0;10.0;14.0
2020-12-29;23.0;18.0;12.0;20.0;17.0;21.0;23.0;11.0;23.0;10.0;10.0;14.0;11.0;4.0;2.0;5.0;11.0;7.0;3.0;4.0;8.0;7.0;8.0;5.0
2020-12-30;14.0;29.0;37.0;20.0;19.0;29.0;29.0;14.0;16.0;15.0;22.0;15.0;10.0;13.0;3.0;5.0;5.0;12.0;;11.0;8.0;10.0;14.0;8.0
2020-12-31;9.0;13.0;20.0;26.0;37.0;21.0;40.0;12.0;13.0;18.0;7.0;10.0;14.0;10.0;6.0;9.0;1.0;2.0;2.0;3.0;3.0;4.0;7.0;3.0
2021-01-01;6.0;19.0;21.0;10.0;15.0;10.0;34.0;33.0;22.0;10.0;13.0;15.0;20.0;17.0;8.0;9.0;6.0;6.0;8.0;7.0;12.0;8.0;18.0;16.0
2021-01-02;7.0;19.0;16.0;24.0;42.0;31.0;25.0;44.0;17.0;17.0;19.0;21.0;25.0;30.0;13.0;11.0;7.0;3.0;7.0;5.0;8.0;7.0;12.0;19.0
2021-01-03;8.0;24.0;37.0;30.0;36.0;38.0;23.0;36.0;51.0;132.0;118.0;110.0;91.0;59.0;55.0;52.0;50.0;19.0;18.0;15.0;14.0;24.0;21.0;20.0
2021-01-04;12.0;18.0;11.0;14.0;13.0;22.0;15.0;11.0;23.0;27.0;20.0;15.0;11.0;9.0;6.0;4.0;3.0;2.0;3.0;5.0;5.0;14.0;7.0;26.0
2021-01-05;19.0;8.0;14.0;12.0;11.0;15.0;26.0;17.0;20.0;19.0;8.0;13.0;8.0;10.0;5.0;6.0;7.0;7.0;6.0;6.0;6.0;5.0;10.0;9.0
2021-01-06;5.0;7.0;25.0;25.0;28.0;32.0;17.0;8.0;11.0;11.0;18.0;11.0;11.0;4.0;5.0;4.0;4.0;4.0;4.0;5.0;7.0;9.0;8.0;7.0
2021-01-07;16.0;30.0;14.0;21.0;22.0;10.0;20.0;16.0;20.0;27.0;12.0;9.0;4.0;3.0;5.0;;4.0;1.0;2.0;1.0;1.0;7.0;10.0;11.0
2021-01-08;7.0;13.0;10.0;13.0;15.0;18.0;15.0;14.0;15.0;12.0;12.0;9.0;3.0;11.0;4.0;8.0;7.0;2.0;3.0;4.0;;3.0;5.0;3.0
2021-01-09;6.0;5.0;13.0;6.0;5.0;7.0;6.0;2.0;3.0;9.0;7.0;9.0;4.0;2.0;4.0;1.0;;;;;;;;
2021-01-10;12.0;7.0;8.0;5.0;7.0;10.0;6.0;8.0;5.0;10.0;9.0;5.0;10.0;10.0;6.0;5.0;3.0;8.0;4.0;4.0;6.0;10.0;20.0;14.0
2021-01-11;;;;;;;;;;;8.0;9.0;12.0;4.0;11.0;2.0;2.0;4.0;2.0;6.0;7.0;7.0;8.0;7.0
2021-01-12;;;;;;;;;;13.0;12.0;12.0;17.0;8.0;6.0;1.0;7.0;6.0;5.0;6.0;10.0;12.0;6.0;9.0
2021-01-13;;;;;;;;;;17.0;14.0;8.0;12.0;9.0;6.0;6.0;5.0;6.0;3.0;1.0;7.0;3.0;12.0;15.0
2021-01-14;;;;;;;;;;;9.0;11.0;12.0;5.0;7.0;7.0;2.0;7.0;2.0;4.0;9.0;10.0;3.0;10.0
2021-01-16;9.0;8.0;15.0;15.0;18.0;9.0;11.0;14.0;14.0;11.0;17.0;15.0;17.0;7.0;5.0;5.0;4.0;3.0;3.0;5.0;2.0;6.0;7.0;8.0
2021-01-17;11.0;13.0;17.0;15.0;16.0;20.0;12.0;10.0;10.0;8.0;17.0;15.0;17.0;10.0;7.0;4.0;5.0;4.0;2.0;5.0;10.0;5.0;7.0;11.0
2021-01-18;12.0;13.0;15.0;12.0;26.0;14.0;21.0;14.0;13.0;16.0;19.0;15.0;9.0;6.0;10.0;5.0;7.0;2.0;4.0;2.0;10.0;11.0;9.0;12.0
2021-01-19;4.0;14.0;13.0;20.0;15.0;12.0;13.0;10.0;10.0;5.0;7.0;5.0;14.0;8.0;4.0;4.0;6.0;4.0;3.0;7.0;6.0;11.0;5.0;11.0
2021-01-20;15.0;10.0;13.0;14.0;16.0;11.0;19.0;5.0;7.0;9.0;7.0;4.0;7.0;3.0;4.0;8.0;2.0;4.0;2.0;2.0;4.0;5.0;5.0;5.0
2021-01-21;2.0;2.0;6.0;3.0;4.0;4.0;1.0;1.0;2.0;4.0;6.0;11.0;6.0;6.0;8.0;1.0;3.0;4.0;4.0;1.0;3.0;11.0;5.0;5.0
2021-01-22;6.0;6.0;7.0;4.0;3.0;4.0;6.0;4.0;3.0;7.0;9.0;7.0;11.0;7.0;7.0;5.0;2.0;2.0;1.0;12.0;13.0;7.0;14.0;12.0
2021-01-23;13.0;8.0;20.0;12.0;14.0;12.0;17.0;10.0;8.0;10.0;14.0;16.0;13.0;8.0;5.0;2.0;2.0;2.0;5.0;2.0;5.0;1.0;6.0;1.0
2021-01-24;;2.0;3.0;1.0;6.0;7.0;11.0;12.0;10.0;16.0;11.0;15.0;8.0;10.0;9.0;5.0;7.0;7.0;1.0;8.0;7.0;9.0;6.0;6.0
2021-01-25;8.0;7.0;7.0;8.0;6.0;9.0;10.0;8.0;7.0;9.0;7.0;7.0;9.0;3.0;5.0;2.0;2.0;2.0;5.0;6.0;3.0;1.0;4.0;9.0
2021-01-26;14.0;10.0;9.0;8.0;15.0;10.0;9.0;10.0;5.0;6.0;10.0;8.0;11.0;7.0;8.0;6.0;9.0;;2.0;3.0;6.0;3.0;5.0;9.0
2021-01-27;11.0;13.0;16.0;7.0;16.0;13.0;4.0;13.0;13.0;6.0;3.0;1.0;1.0;1.0;;;;6.0;5.0;6.0;5.0;12.0;13.0;11.0
2021-01-28;18.0;13.0;6.0;10.0;3.0;8.0;7.0;9.0;1.0;;;;4.0;4.0;5.0;4.0;1.0;8.0;7.0;5.0;8.0;5.0;4.0;10.0
2021-01-29;2.0;6.0;10.0;5.0;8.0;5.0;8.0;6.0;6.0;8.0;5.0;4.0;10.0;;4.0;4.0;1.0;;;2.0;4.0;2.0;1.0;7.0
2021-01-30;3.0;3.0;3.0;5.0;6.0;;2.0;4.0;5.0;4.0;3.0;10.0;6.0;2.0;7.0;;8.0;2.0;1.0;;4.0;2.0;4.0;2.0
2021-01-31;4.0;8.0;;5.0;6.0;8.0;3.0;2.0;5.0;3.0;8.0;3.0;2.0;5.0;;;1.0;;;2.0;1.0;2.0;7.0;5.0
2021-02-01;9.0;13.0;8.0;10.0;12.0;7.0;11.0;7.0;7.0;7.0;20.0;8.0;10.0;12.0;4.0;5.0;4.0;3.0;2.0;3.0;4.0;3.0;10.0;7.0
2021-02-02;11.0;11.0;13.0;14.0;7.0;11.0;13.0;5.0;10.0;18.0;9.0;4.0;;1.0;2.0;4.0;3.0;3.0;4.0;2.0;6.0;5.0;10.0;12.0
2021-02-03;7.0;11.0;13.0;19.0;14.0;9.0;12.0;16.0;9.0;10.0;14.0;6.0;2.0;6.0;2.0;7.0;3.0;2.0;;;2.0;1.0;5.0;6.0
2021-02-04;3.0;4.0;3.0;7.0;7.0;4.0;9.0;5.0;4.0;14.0;4.0;11.0;8.0;14.0;10.0;4.0;;2.0;4.0;2.0;4.0;8.0;6.0;6.0
2021-02-05;11.0;10.0;10.0;10.0;13.0;10.0;14.0;10.0;8.0;9.0;9.0;10.0;6.0;15.0;5.0;;6.0;4.0;4.0;3.0;3.0;3.0;7.0;8.0
2021-02-06;3.0;3.0;7.0;6.0;5.0;3.0;8.0;8.0;4.0;5.0;9.0;7.0;9.0;3.0;8.0;5.0;1.0;1.0;1.0;;4.0;3.0;3.0;4.0
2021-02-07;3.0;3.0;8.0;4.0;6.0;8.0;6.0;11.0;9.0;13.0;7.0;9.0;8.0;6.0;4.0;2.0;4.0;5.0;2.0;3.0;2.0;4.0;3.0;5.0
2021-02-08;6.0;6.0;2.0;3.0;5.0;5.0;6.0;1.0;9.0;5.0;6.0;3.0;8.0;8.0;5.0;1.0;;1.0;3.0;4.0;8.0;2.0;9.0;9.0
2021-02-09;4.0;4.0;6.0;7.0;5.0;8.0;4.0;2.0;3.0;4.0;3.0;2.0;3.0;3.0;3.0;2.0;;1.0;1.0;3.0;4.0;6.0;6.0;7.0
2021-02-10;7.0;9.0;7.0;8.0;6.0;6.0;4.0;2.0;5.0;9.0;3.0;7.0;17.0;11.0;4.0;3.0;10.0;2.0;4.0;3.0;6.0;8.0;11.0;6.0
2021-02-11;7.0;9.0;14.0;11.0;10.0;13.0;13.0;7.0;15.0;10.0;17.0;16.0;12.0;7.0;6.0;7.0;1.0;;1.0;1.0;2.0;3.0;5.0;3.0
2021-02-12;3.0;5.0;4.0;3.0;4.0;5.0;4.0;2.0;2.0;10.0;15.0;15.0;5.0;8.0;10.0;;2.0;2.0;4.0;4.0;4.0;5.0;17.0;7.0
2021-02-13;9.0;8.0;9.0;7.0;11.0;13.0;7.0;12.0;14.0;9.0;21.0;13.0;7.0;12.0;4.0;4.0;7.0;1.0;;3.0;3.0;7.0;10.0;14.0
2021-02-14;15.0;14.0;6.0;7.0;11.0;5.0;11.0;3.0;10.0;4.0;8.0;2.0;8.0;4.0;4.0;3.0;;3.0;1.0;2.0;3.0;4.0;6.0;2.0
2021-02-15;5.0;5.0;3.0;11.0;4.0;6.0;7.0;6.0;5.0;11.0;14.0;10.0;9.0;11.0;7.0;2.0;4.0;1.0;5.0;10.0;;2.0;5.0;13.0
